2026-06-08 00:13:47 - SECURITY - Failed to load cog cogs.antinuke
Traceback (most recent call last):
  File "C:\Users\NIGS\AppData\Roaming\Python\Python314\site-packages\discord\ext\commands\bot.py", line 963, in _load_from_module_spec
    await setup(self)
  File "D:\antinukes\repentv3\cogs\antinuke.py", line 793, in setup
    await bot.add_cog(Antinuke(bot))
  File "C:\Users\NIGS\AppData\Roaming\Python\Python314\site-packages\discord\ext\commands\bot.py", line 799, in add_cog
    cog = await cog._inject(self, override=override, guild=guild, guilds=guilds)
          ^^^^^^^^^^^^^^^^^^^^^^^^^^^^^^^^^^^^^^^^^^^^^^^^^^^^^^^^^^^^^^^^^^^^^^
  File "C:\Users\NIGS\AppData\Roaming\Python\Python314\site-packages\discord\ext\commands\cog.py", line 745, in _inject
    bot.tree.add_command(command, override=override, guild=guild, guilds=guilds)
    ~~~~~~~~~~~~~~~~~~~~^^^^^^^^^^^^^^^^^^^^^^^^^^^^^^^^^^^^^^^^^^^^^^^^^^^^^^^^
  File "C:\Users\NIGS\AppData\Roaming\Python\Python314\site-packages\discord\app_commands\tree.py", line 407, in add_command
    raise CommandAlreadyRegistered(name, None)
discord.app_commands.errors.CommandAlreadyRegistered: Command 'restore' already registered.

The above exception was the direct cause of the following exception:

Traceback (most recent call last):
  File "D:\antinukes\repentv3\main.py", line 59, in setup_hook
    await self.load_extension(cog_name)
  File "C:\Users\NIGS\AppData\Roaming\Python\Python314\site-packages\discord\ext\commands\bot.py", line 1029, in load_extension
    await self._load_from_module_spec(spec, name)
  File "C:\Users\NIGS\AppData\Roaming\Python\Python314\site-packages\discord\ext\commands\bot.py", line 968, in _load_from_module_spec
    raise errors.ExtensionFailed(key, e) from e
discord.ext.commands.errors.ExtensionFailed: Extension 'cogs.antinuke' raised an error: CommandAlreadyRegistered: Command 'restore' already registered.
2026-06-08 00:13:47 - SECURITY - Failed to sync commands
Traceback (most recent call last):
  File "D:\antinukes\repentv3\main.py", line 66, in setup_hook
    await self.tree.sync()
  File "C:\Users\NIGS\AppData\Roaming\Python\Python314\site-packages\discord\app_commands\tree.py", line 1134, in sync
    raise CommandSyncFailure(e, commands) from None
discord.app_commands.errors.CommandSyncFailure: Failed to upload commands to Discord (HTTP status 400, error code 50035)
In group 'backup' defined in module 'cogs.backup'
  In command 'backup restore' defined in function 'Backup.BackupGroup.restore'
    description: Must be between 1 and 100 in length.
2026-06-08 00:25:57 - SECURITY - Failed to load cog cogs.antinuke
Traceback (most recent call last):
  File "C:\Users\NIGS\AppData\Roaming\Python\Python314\site-packages\discord\ext\commands\bot.py", line 963, in _load_from_module_spec
    await setup(self)
  File "D:\antinukes\repentv3\cogs\antinuke.py", line 793, in setup
    await bot.add_cog(Antinuke(bot))
  File "C:\Users\NIGS\AppData\Roaming\Python\Python314\site-packages\discord\ext\commands\bot.py", line 799, in add_cog
    cog = await cog._inject(self, override=override, guild=guild, guilds=guilds)
          ^^^^^^^^^^^^^^^^^^^^^^^^^^^^^^^^^^^^^^^^^^^^^^^^^^^^^^^^^^^^^^^^^^^^^^
  File "C:\Users\NIGS\AppData\Roaming\Python\Python314\site-packages\discord\ext\commands\cog.py", line 745, in _inject
    bot.tree.add_command(command, override=override, guild=guild, guilds=guilds)
    ~~~~~~~~~~~~~~~~~~~~^^^^^^^^^^^^^^^^^^^^^^^^^^^^^^^^^^^^^^^^^^^^^^^^^^^^^^^^
  File "C:\Users\NIGS\AppData\Roaming\Python\Python314\site-packages\discord\app_commands\tree.py", line 407, in add_command
    raise CommandAlreadyRegistered(name, None)
discord.app_commands.errors.CommandAlreadyRegistered: Command 'antinuke_restore' already registered.

The above exception was the direct cause of the following exception:

Traceback (most recent call last):
  File "D:\antinukes\repentv3\main.py", line 59, in setup_hook
    await self.load_extension(cog_name)
  File "C:\Users\NIGS\AppData\Roaming\Python\Python314\site-packages\discord\ext\commands\bot.py", line 1029, in load_extension
    await self._load_from_module_spec(spec, name)
  File "C:\Users\NIGS\AppData\Roaming\Python\Python314\site-packages\discord\ext\commands\bot.py", line 968, in _load_from_module_spec
    raise errors.ExtensionFailed(key, e) from e
discord.ext.commands.errors.ExtensionFailed: Extension 'cogs.antinuke' raised an error: CommandAlreadyRegistered: Command 'antinuke_restore' already registered.
2026-06-08 00:32:50 - SECURITY - Failed to load cog cogs.antinuke
Traceback (most recent call last):
  File "C:\Users\NIGS\AppData\Roaming\Python\Python314\site-packages\discord\ext\commands\bot.py", line 963, in _load_from_module_spec
    await setup(self)
  File "D:\antinukes\repentv3\cogs\antinuke.py", line 793, in setup
    await bot.add_cog(Antinuke(bot))
  File "C:\Users\NIGS\AppData\Roaming\Python\Python314\site-packages\discord\ext\commands\bot.py", line 799, in add_cog
    cog = await cog._inject(self, override=override, guild=guild, guilds=guilds)
          ^^^^^^^^^^^^^^^^^^^^^^^^^^^^^^^^^^^^^^^^^^^^^^^^^^^^^^^^^^^^^^^^^^^^^^
  File "C:\Users\NIGS\AppData\Roaming\Python\Python314\site-packages\discord\ext\commands\cog.py", line 745, in _inject
    bot.tree.add_command(command, override=override, guild=guild, guilds=guilds)
    ~~~~~~~~~~~~~~~~~~~~^^^^^^^^^^^^^^^^^^^^^^^^^^^^^^^^^^^^^^^^^^^^^^^^^^^^^^^^
  File "C:\Users\NIGS\AppData\Roaming\Python\Python314\site-packages\discord\app_commands\tree.py", line 407, in add_command
    raise CommandAlreadyRegistered(name, None)
discord.app_commands.errors.CommandAlreadyRegistered: Command 'antinuke_restore' already registered.

The above exception was the direct cause of the following exception:

Traceback (most recent call last):
  File "D:\antinukes\repentv3\main.py", line 59, in setup_hook
    await self.load_extension(cog_name)
  File "C:\Users\NIGS\AppData\Roaming\Python\Python314\site-packages\discord\ext\commands\bot.py", line 1029, in load_extension
    await self._load_from_module_spec(spec, name)
  File "C:\Users\NIGS\AppData\Roaming\Python\Python314\site-packages\discord\ext\commands\bot.py", line 968, in _load_from_module_spec
    raise errors.ExtensionFailed(key, e) from e
discord.ext.commands.errors.ExtensionFailed: Extension 'cogs.antinuke' raised an error: CommandAlreadyRegistered: Command 'antinuke_restore' already registered.
2026-06-08 01:22:14 - SECURITY - EVENT: ANTINUKE_TRIGGER | DETAILS: Action: channel_create, Punishment: kick | GUILD: 1512695207206981766 | USER: 1510127231932956672
2026-06-08 01:22:14 - SECURITY - EVENT: ANTINUKE_TRIGGER | DETAILS: Action: channel_create, Punishment: kick | GUILD: 1512695207206981766 | USER: 1510127231932956672
2026-06-08 01:22:15 - SECURITY - EVENT: ANTINUKE_TRIGGER | DETAILS: Action: channel_create, Punishment: kick | GUILD: 1512695207206981766 | USER: 1510127231932956672
2026-06-08 01:22:15 - SECURITY - EVENT: ANTINUKE_TRIGGER | DETAILS: Action: channel_create, Punishment: kick | GUILD: 1512695207206981766 | USER: 1510127231932956672
2026-06-08 01:36:36 - SECURITY - Channel 1513235120205594854 not found in cache
2026-06-08 01:36:38 - SECURITY - Channel 1513235120205594854 not found in cache
2026-06-08 12:57:12 - SECURITY - Layer 2 failed: '>' not supported between instances of 'ThreatLevel' and 'ThreatLevel'
NoneType: None
2026-06-08 12:57:12 - SECURITY - Layer 2 failed: '>' not supported between instances of 'ThreatLevel' and 'ThreatLevel'
NoneType: None
2026-06-08 12:57:12 - SECURITY - Layer 2 failed: '>' not supported between instances of 'ThreatLevel' and 'ThreatLevel'
NoneType: None
2026-06-08 12:57:12 - SECURITY - Layer 2 failed: '>' not supported between instances of 'ThreatLevel' and 'ThreatLevel'
NoneType: None
2026-06-08 12:57:12 - SECURITY - Layer 2 failed: '>' not supported between instances of 'ThreatLevel' and 'ThreatLevel'
NoneType: None
2026-06-08 12:57:12 - SECURITY - Layer 2 failed: '>' not supported between instances of 'ThreatLevel' and 'ThreatLevel'
NoneType: None
2026-06-08 12:57:12 - SECURITY - Layer 2 failed: '>' not supported between instances of 'ThreatLevel' and 'ThreatLevel'
NoneType: None
2026-06-08 12:57:12 - SECURITY - Layer 2 failed: '>' not supported between instances of 'ThreatLevel' and 'ThreatLevel'
NoneType: None
2026-06-08 12:57:12 - SECURITY - Layer 2 failed: '>' not supported between instances of 'ThreatLevel' and 'ThreatLevel'
NoneType: None
2026-06-08 12:57:12 - SECURITY - Layer 2 failed: '>' not supported between instances of 'ThreatLevel' and 'ThreatLevel'
NoneType: None
2026-06-08 12:57:12 - SECURITY - Layer 1 failed: '>' not supported between instances of 'ThreatLevel' and 'ThreatLevel'
NoneType: None
2026-06-08 12:57:12 - SECURITY - Layer 2 failed: '>' not supported between instances of 'ThreatLevel' and 'ThreatLevel'
NoneType: None
2026-06-08 12:57:12 - SECURITY - Layer 1 failed: '>' not supported between instances of 'ThreatLevel' and 'ThreatLevel'
NoneType: None
2026-06-08 12:57:12 - SECURITY - Layer 2 failed: '>' not supported between instances of 'ThreatLevel' and 'ThreatLevel'
NoneType: None
2026-06-08 12:57:12 - SECURITY - Layer 1 failed: '>' not supported between instances of 'ThreatLevel' and 'ThreatLevel'
NoneType: None
2026-06-08 12:57:12 - SECURITY - Layer 2 failed: '>' not supported between instances of 'ThreatLevel' and 'ThreatLevel'
NoneType: None
2026-06-08 12:57:12 - SECURITY - Layer 1 failed: '>' not supported between instances of 'ThreatLevel' and 'ThreatLevel'
NoneType: None
2026-06-08 12:57:12 - SECURITY - Layer 2 failed: '>' not supported between instances of 'ThreatLevel' and 'ThreatLevel'
NoneType: None
2026-06-08 12:57:12 - SECURITY - Layer 1 failed: '>' not supported between instances of 'ThreatLevel' and 'ThreatLevel'
NoneType: None
2026-06-08 12:57:12 - SECURITY - Layer 2 failed: '>' not supported between instances of 'ThreatLevel' and 'ThreatLevel'
NoneType: None
2026-06-08 12:57:12 - SECURITY - Layer 1 failed: '>' not supported between instances of 'ThreatLevel' and 'ThreatLevel'
NoneType: None
2026-06-08 12:57:12 - SECURITY - Layer 2 failed: '>' not supported between instances of 'ThreatLevel' and 'ThreatLevel'
NoneType: None
2026-06-08 12:57:12 - SECURITY - Layer 1 failed: '>' not supported between instances of 'ThreatLevel' and 'ThreatLevel'
NoneType: None
2026-06-08 12:57:12 - SECURITY - Layer 2 failed: '>' not supported between instances of 'ThreatLevel' and 'ThreatLevel'
NoneType: None
2026-06-08 12:57:12 - SECURITY - Layer 1 failed: '>' not supported between instances of 'ThreatLevel' and 'ThreatLevel'
NoneType: None
2026-06-08 12:57:12 - SECURITY - Layer 2 failed: '>' not supported between instances of 'ThreatLevel' and 'ThreatLevel'
NoneType: None
2026-06-08 12:57:12 - SECURITY - Layer 1 failed: '>' not supported between instances of 'ThreatLevel' and 'ThreatLevel'
NoneType: None
2026-06-08 12:57:12 - SECURITY - Layer 2 failed: '>' not supported between instances of 'ThreatLevel' and 'ThreatLevel'
NoneType: None
2026-06-08 12:57:12 - SECURITY - Layer 1 failed: '>' not supported between instances of 'ThreatLevel' and 'ThreatLevel'
NoneType: None
2026-06-08 12:57:12 - SECURITY - Layer 2 failed: '>' not supported between instances of 'ThreatLevel' and 'ThreatLevel'
NoneType: None
2026-06-08 12:57:12 - SECURITY - Layer 1 failed: '>' not supported between instances of 'ThreatLevel' and 'ThreatLevel'
NoneType: None
2026-06-08 12:57:12 - SECURITY - Layer 2 failed: '>' not supported between instances of 'ThreatLevel' and 'ThreatLevel'
NoneType: None
2026-06-08 12:57:12 - SECURITY - Layer 0 failed: '>' not supported between instances of 'ThreatLevel' and 'ThreatLevel'
NoneType: None
2026-06-08 12:57:12 - SECURITY - Layer 1 failed: '>' not supported between instances of 'ThreatLevel' and 'ThreatLevel'
NoneType: None
2026-06-08 12:57:12 - SECURITY - Layer 2 failed: '>' not supported between instances of 'ThreatLevel' and 'ThreatLevel'
NoneType: None
2026-06-08 12:57:12 - SECURITY - Layer 2 failed: '>' not supported between instances of 'ThreatLevel' and 'ThreatLevel'
NoneType: None
2026-06-08 13:00:00 - SECURITY - EVENT: ANOMALY_DETECTED | DETAILS: Score: 0.90, Types: new_account | GUILD: 123456789 | USER: 987654324
2026-06-08 13:00:00 - SECURITY - EVENT: ANOMALY_DETECTED | DETAILS: Score: 0.90, Types: new_account | GUILD: 123456789 | USER: 987654324
2026-06-08 13:00:00 - SECURITY - EVENT: ANOMALY_DETECTED | DETAILS: Score: 0.90, Types: new_account | GUILD: 123456789 | USER: 987654324
2026-06-08 13:00:00 - SECURITY - EVENT: ANOMALY_DETECTED | DETAILS: Score: 0.86, Types: sequential, new_account | GUILD: 123456789 | USER: 987654324
2026-06-08 13:00:00 - SECURITY - EVENT: ANOMALY_DETECTED | DETAILS: Score: 0.86, Types: sequential, new_account | GUILD: 123456789 | USER: 987654324
2026-06-08 13:00:00 - SECURITY - EVENT: ANOMALY_DETECTED | DETAILS: Score: 0.86, Types: sequential, new_account | GUILD: 123456789 | USER: 987654324
2026-06-08 13:00:00 - SECURITY - EVENT: ANOMALY_DETECTED | DETAILS: Score: 0.86, Types: sequential, new_account | GUILD: 123456789 | USER: 987654324
2026-06-08 13:00:00 - SECURITY - EVENT: ANOMALY_DETECTED | DETAILS: Score: 0.86, Types: sequential, new_account | GUILD: 123456789 | USER: 987654324
2026-06-08 13:00:00 - SECURITY - EVENT: ANOMALY_DETECTED | DETAILS: Score: 0.86, Types: sequential, new_account | GUILD: 123456789 | USER: 987654324
2026-06-08 13:00:00 - SECURITY - EVENT: ANOMALY_DETECTED | DETAILS: Score: 0.86, Types: sequential, new_account | GUILD: 123456789 | USER: 987654324
2026-06-08 13:00:00 - SECURITY - EVENT: ANOMALY_DETECTED | DETAILS: Score: 0.86, Types: sequential, new_account | GUILD: 123456789 | USER: 987654324
2026-06-08 13:00:00 - SECURITY - EVENT: ANOMALY_DETECTED | DETAILS: Score: 0.86, Types: sequential, new_account | GUILD: 123456789 | USER: 987654324
2026-06-08 13:00:00 - SECURITY - EVENT: ANOMALY_DETECTED | DETAILS: Score: 0.86, Types: sequential, new_account | GUILD: 123456789 | USER: 987654324
2026-06-08 13:00:00 - SECURITY - EVENT: ANOMALY_DETECTED | DETAILS: Score: 0.86, Types: sequential, new_account | GUILD: 123456789 | USER: 987654324
2026-06-08 13:00:00 - SECURITY - EVENT: ANOMALY_DETECTED | DETAILS: Score: 0.86, Types: sequential, new_account | GUILD: 123456789 | USER: 987654324
2026-06-08 13:00:00 - SECURITY - EVENT: ANOMALY_DETECTED | DETAILS: Score: 0.86, Types: sequential, new_account | GUILD: 123456789 | USER: 987654324
2026-06-08 13:00:00 - SECURITY - EVENT: ANOMALY_DETECTED | DETAILS: Score: 0.86, Types: sequential, new_account | GUILD: 123456789 | USER: 987654324
2026-06-08 13:00:00 - SECURITY - EVENT: ANOMALY_DETECTED | DETAILS: Score: 0.86, Types: sequential, new_account | GUILD: 123456789 | USER: 987654324
2026-06-08 13:00:00 - SECURITY - EVENT: ANOMALY_DETECTED | DETAILS: Score: 0.86, Types: sequential, new_account | GUILD: 123456789 | USER: 987654324
2026-06-08 13:00:00 - SECURITY - EVENT: ANOMALY_DETECTED | DETAILS: Score: 0.80, Types: sequential | GUILD: 123456789 | USER: 987654324
2026-06-08 13:00:00 - SECURITY - EVENT: ANOMALY_DETECTED | DETAILS: Score: 0.80, Types: sequential | GUILD: 123456789 | USER: 987654324
2026-06-08 13:00:00 - SECURITY - EVENT: ANOMALY_DETECTED | DETAILS: Score: 0.80, Types: sequential | GUILD: 123456789 | USER: 987654324
2026-06-08 13:00:00 - SECURITY - EVENT: ANOMALY_DETECTED | DETAILS: Score: 0.80, Types: sequential | GUILD: 123456789 | USER: 987654324
2026-06-08 13:00:00 - SECURITY - EVENT: ANOMALY_DETECTED | DETAILS: Score: 0.80, Types: sequential | GUILD: 123456789 | USER: 987654324
2026-06-08 13:00:00 - SECURITY - EVENT: ANOMALY_DETECTED | DETAILS: Score: 0.80, Types: sequential | GUILD: 123456789 | USER: 987654324
2026-06-08 13:00:00 - SECURITY - EVENT: ANOMALY_DETECTED | DETAILS: Score: 0.80, Types: sequential | GUILD: 123456789 | USER: 987654324
2026-06-08 13:00:00 - SECURITY - EVENT: ANOMALY_DETECTED | DETAILS: Score: 0.80, Types: sequential | GUILD: 123456789 | USER: 987654324
2026-06-08 13:00:00 - SECURITY - EVENT: ANOMALY_DETECTED | DETAILS: Score: 0.80, Types: sequential | GUILD: 123456789 | USER: 987654324
2026-06-08 13:00:00 - SECURITY - EVENT: ANOMALY_DETECTED | DETAILS: Score: 0.80, Types: sequential | GUILD: 123456789 | USER: 987654324
2026-06-08 13:00:00 - SECURITY - EVENT: ANOMALY_DETECTED | DETAILS: Score: 0.80, Types: sequential | GUILD: 123456789 | USER: 987654324
2026-06-08 13:00:00 - SECURITY - EVENT: ANOMALY_DETECTED | DETAILS: Score: 0.80, Types: sequential | GUILD: 123456789 | USER: 987654324
2026-06-08 13:00:00 - SECURITY - EVENT: ANOMALY_DETECTED | DETAILS: Score: 0.80, Types: sequential | GUILD: 123456789 | USER: 987654324
2026-06-08 13:00:00 - SECURITY - EVENT: ANOMALY_DETECTED | DETAILS: Score: 0.80, Types: sequential | GUILD: 123456789 | USER: 987654324
2026-06-08 13:00:00 - SECURITY - EVENT: ANOMALY_DETECTED | DETAILS: Score: 0.80, Types: sequential | GUILD: 123456789 | USER: 987654324
2026-06-08 13:00:00 - SECURITY - EVENT: ANOMALY_DETECTED | DETAILS: Score: 0.80, Types: sequential | GUILD: 123456789 | USER: 987654324
2026-06-08 13:00:00 - SECURITY - EVENT: ANOMALY_DETECTED | DETAILS: Score: 0.80, Types: sequential | GUILD: 123456789 | USER: 987654324
2026-06-08 13:00:00 - SECURITY - EVENT: ANOMALY_DETECTED | DETAILS: Score: 0.80, Types: sequential | GUILD: 123456789 | USER: 987654324
2026-06-08 13:00:00 - SECURITY - EVENT: ANOMALY_DETECTED | DETAILS: Score: 0.80, Types: sequential | GUILD: 123456789 | USER: 987654324
2026-06-08 13:00:00 - SECURITY - EVENT: ANOMALY_DETECTED | DETAILS: Score: 0.80, Types: sequential | GUILD: 123456789 | USER: 987654324
2026-06-08 13:00:00 - SECURITY - EVENT: ANOMALY_DETECTED | DETAILS: Score: 0.80, Types: sequential | GUILD: 123456789 | USER: 987654324
2026-06-08 13:00:00 - SECURITY - EVENT: ANOMALY_DETECTED | DETAILS: Score: 0.80, Types: sequential | GUILD: 123456789 | USER: 987654324
2026-06-08 13:00:00 - SECURITY - EVENT: ANOMALY_DETECTED | DETAILS: Score: 0.80, Types: sequential | GUILD: 123456789 | USER: 987654324
2026-06-08 13:00:00 - SECURITY - EVENT: ANOMALY_DETECTED | DETAILS: Score: 0.80, Types: sequential | GUILD: 123456789 | USER: 987654324
2026-06-08 13:00:00 - SECURITY - EVENT: ANOMALY_DETECTED | DETAILS: Score: 0.80, Types: sequential | GUILD: 123456789 | USER: 987654324
2026-06-08 13:00:00 - SECURITY - EVENT: ANOMALY_DETECTED | DETAILS: Score: 0.80, Types: sequential | GUILD: 123456789 | USER: 987654324
2026-06-08 13:00:00 - SECURITY - EVENT: ANOMALY_DETECTED | DETAILS: Score: 0.80, Types: sequential | GUILD: 123456789 | USER: 987654324
2026-06-08 13:00:00 - SECURITY - EVENT: ANOMALY_DETECTED | DETAILS: Score: 0.80, Types: sequential | GUILD: 123456789 | USER: 987654324
2026-06-08 13:00:00 - SECURITY - EVENT: ANOMALY_DETECTED | DETAILS: Score: 0.80, Types: sequential | GUILD: 123456789 | USER: 987654324
2026-06-08 13:00:00 - SECURITY - EVENT: ANOMALY_DETECTED | DETAILS: Score: 0.80, Types: sequential | GUILD: 123456789 | USER: 987654324
2026-06-08 13:00:00 - SECURITY - EVENT: ANOMALY_DETECTED | DETAILS: Score: 0.80, Types: sequential | GUILD: 123456789 | USER: 987654324
2026-06-08 13:00:00 - SECURITY - EVENT: ANOMALY_DETECTED | DETAILS: Score: 0.80, Types: sequential | GUILD: 123456789 | USER: 987654324
2026-06-08 13:00:00 - SECURITY - EVENT: ANOMALY_DETECTED | DETAILS: Score: 0.90, Types: new_account | GUILD: 123456789 | USER: 987654327
2026-06-08 13:00:41 - SECURITY - EVENT: ANOMALY_DETECTED | DETAILS: Score: 0.90, Types: new_account | GUILD: 123456789 | USER: 987654324
2026-06-08 13:00:41 - SECURITY - EVENT: ANOMALY_DETECTED | DETAILS: Score: 0.90, Types: new_account | GUILD: 123456789 | USER: 987654324
2026-06-08 13:00:41 - SECURITY - EVENT: ANOMALY_DETECTED | DETAILS: Score: 0.90, Types: new_account | GUILD: 123456789 | USER: 987654324
2026-06-08 13:00:41 - SECURITY - EVENT: ANOMALY_DETECTED | DETAILS: Score: 0.86, Types: sequential, new_account | GUILD: 123456789 | USER: 987654324
2026-06-08 13:00:41 - SECURITY - EVENT: ANOMALY_DETECTED | DETAILS: Score: 0.86, Types: sequential, new_account | GUILD: 123456789 | USER: 987654324
2026-06-08 13:00:41 - SECURITY - EVENT: ANOMALY_DETECTED | DETAILS: Score: 0.86, Types: sequential, new_account | GUILD: 123456789 | USER: 987654324
2026-06-08 13:00:41 - SECURITY - EVENT: ANOMALY_DETECTED | DETAILS: Score: 0.86, Types: sequential, new_account | GUILD: 123456789 | USER: 987654324
2026-06-08 13:00:41 - SECURITY - EVENT: ANOMALY_DETECTED | DETAILS: Score: 0.86, Types: sequential, new_account | GUILD: 123456789 | USER: 987654324
2026-06-08 13:00:41 - SECURITY - EVENT: ANOMALY_DETECTED | DETAILS: Score: 0.86, Types: sequential, new_account | GUILD: 123456789 | USER: 987654324
2026-06-08 13:00:41 - SECURITY - EVENT: ANOMALY_DETECTED | DETAILS: Score: 0.86, Types: sequential, new_account | GUILD: 123456789 | USER: 987654324
2026-06-08 13:00:41 - SECURITY - EVENT: ANOMALY_DETECTED | DETAILS: Score: 0.86, Types: sequential, new_account | GUILD: 123456789 | USER: 987654324
2026-06-08 13:00:41 - SECURITY - EVENT: ANOMALY_DETECTED | DETAILS: Score: 0.86, Types: sequential, new_account | GUILD: 123456789 | USER: 987654324
2026-06-08 13:00:41 - SECURITY - EVENT: ANOMALY_DETECTED | DETAILS: Score: 0.86, Types: sequential, new_account | GUILD: 123456789 | USER: 987654324
2026-06-08 13:00:41 - SECURITY - EVENT: ANOMALY_DETECTED | DETAILS: Score: 0.86, Types: sequential, new_account | GUILD: 123456789 | USER: 987654324
2026-06-08 13:00:41 - SECURITY - EVENT: ANOMALY_DETECTED | DETAILS: Score: 0.86, Types: sequential, new_account | GUILD: 123456789 | USER: 987654324
2026-06-08 13:00:41 - SECURITY - EVENT: ANOMALY_DETECTED | DETAILS: Score: 0.86, Types: sequential, new_account | GUILD: 123456789 | USER: 987654324
2026-06-08 13:00:41 - SECURITY - EVENT: ANOMALY_DETECTED | DETAILS: Score: 0.86, Types: sequential, new_account | GUILD: 123456789 | USER: 987654324
2026-06-08 13:00:41 - SECURITY - EVENT: ANOMALY_DETECTED | DETAILS: Score: 0.86, Types: sequential, new_account | GUILD: 123456789 | USER: 987654324
2026-06-08 13:00:41 - SECURITY - EVENT: ANOMALY_DETECTED | DETAILS: Score: 0.86, Types: sequential, new_account | GUILD: 123456789 | USER: 987654324
2026-06-08 13:00:41 - SECURITY - EVENT: ANOMALY_DETECTED | DETAILS: Score: 0.80, Types: sequential | GUILD: 123456789 | USER: 987654324
2026-06-08 13:00:41 - SECURITY - EVENT: ANOMALY_DETECTED | DETAILS: Score: 0.80, Types: sequential | GUILD: 123456789 | USER: 987654324
2026-06-08 13:00:41 - SECURITY - EVENT: ANOMALY_DETECTED | DETAILS: Score: 0.80, Types: sequential | GUILD: 123456789 | USER: 987654324
2026-06-08 13:00:41 - SECURITY - EVENT: ANOMALY_DETECTED | DETAILS: Score: 0.80, Types: sequential | GUILD: 123456789 | USER: 987654324
2026-06-08 13:00:41 - SECURITY - EVENT: ANOMALY_DETECTED | DETAILS: Score: 0.80, Types: sequential | GUILD: 123456789 | USER: 987654324
2026-06-08 13:00:41 - SECURITY - EVENT: ANOMALY_DETECTED | DETAILS: Score: 0.80, Types: sequential | GUILD: 123456789 | USER: 987654324
2026-06-08 13:00:41 - SECURITY - EVENT: ANOMALY_DETECTED | DETAILS: Score: 0.80, Types: sequential | GUILD: 123456789 | USER: 987654324
2026-06-08 13:00:41 - SECURITY - EVENT: ANOMALY_DETECTED | DETAILS: Score: 0.80, Types: sequential | GUILD: 123456789 | USER: 987654324
2026-06-08 13:00:41 - SECURITY - EVENT: ANOMALY_DETECTED | DETAILS: Score: 0.80, Types: sequential | GUILD: 123456789 | USER: 987654324
2026-06-08 13:00:41 - SECURITY - EVENT: ANOMALY_DETECTED | DETAILS: Score: 0.80, Types: sequential | GUILD: 123456789 | USER: 987654324
2026-06-08 13:00:41 - SECURITY - EVENT: ANOMALY_DETECTED | DETAILS: Score: 0.80, Types: sequential | GUILD: 123456789 | USER: 987654324
2026-06-08 13:00:41 - SECURITY - EVENT: ANOMALY_DETECTED | DETAILS: Score: 0.80, Types: sequential | GUILD: 123456789 | USER: 987654324
2026-06-08 13:00:41 - SECURITY - EVENT: ANOMALY_DETECTED | DETAILS: Score: 0.80, Types: sequential | GUILD: 123456789 | USER: 987654324
2026-06-08 13:00:41 - SECURITY - EVENT: ANOMALY_DETECTED | DETAILS: Score: 0.80, Types: sequential | GUILD: 123456789 | USER: 987654324
2026-06-08 13:00:41 - SECURITY - EVENT: ANOMALY_DETECTED | DETAILS: Score: 0.80, Types: sequential | GUILD: 123456789 | USER: 987654324
2026-06-08 13:00:41 - SECURITY - EVENT: ANOMALY_DETECTED | DETAILS: Score: 0.80, Types: sequential | GUILD: 123456789 | USER: 987654324
2026-06-08 13:00:41 - SECURITY - EVENT: ANOMALY_DETECTED | DETAILS: Score: 0.80, Types: sequential | GUILD: 123456789 | USER: 987654324
2026-06-08 13:00:41 - SECURITY - EVENT: ANOMALY_DETECTED | DETAILS: Score: 0.80, Types: sequential | GUILD: 123456789 | USER: 987654324
2026-06-08 13:00:41 - SECURITY - EVENT: ANOMALY_DETECTED | DETAILS: Score: 0.80, Types: sequential | GUILD: 123456789 | USER: 987654324
2026-06-08 13:00:41 - SECURITY - EVENT: ANOMALY_DETECTED | DETAILS: Score: 0.80, Types: sequential | GUILD: 123456789 | USER: 987654324
2026-06-08 13:00:41 - SECURITY - EVENT: ANOMALY_DETECTED | DETAILS: Score: 0.80, Types: sequential | GUILD: 123456789 | USER: 987654324
2026-06-08 13:00:41 - SECURITY - EVENT: ANOMALY_DETECTED | DETAILS: Score: 0.80, Types: sequential | GUILD: 123456789 | USER: 987654324
2026-06-08 13:00:41 - SECURITY - EVENT: ANOMALY_DETECTED | DETAILS: Score: 0.80, Types: sequential | GUILD: 123456789 | USER: 987654324
2026-06-08 13:00:41 - SECURITY - EVENT: ANOMALY_DETECTED | DETAILS: Score: 0.80, Types: sequential | GUILD: 123456789 | USER: 987654324
2026-06-08 13:00:41 - SECURITY - EVENT: ANOMALY_DETECTED | DETAILS: Score: 0.80, Types: sequential | GUILD: 123456789 | USER: 987654324
2026-06-08 13:00:41 - SECURITY - EVENT: ANOMALY_DETECTED | DETAILS: Score: 0.80, Types: sequential | GUILD: 123456789 | USER: 987654324
2026-06-08 13:00:41 - SECURITY - EVENT: ANOMALY_DETECTED | DETAILS: Score: 0.80, Types: sequential | GUILD: 123456789 | USER: 987654324
2026-06-08 13:00:41 - SECURITY - EVENT: ANOMALY_DETECTED | DETAILS: Score: 0.80, Types: sequential | GUILD: 123456789 | USER: 987654324
2026-06-08 13:00:41 - SECURITY - EVENT: ANOMALY_DETECTED | DETAILS: Score: 0.80, Types: sequential | GUILD: 123456789 | USER: 987654324
2026-06-08 13:00:41 - SECURITY - EVENT: ANOMALY_DETECTED | DETAILS: Score: 0.80, Types: sequential | GUILD: 123456789 | USER: 987654324
2026-06-08 13:00:41 - SECURITY - EVENT: ANOMALY_DETECTED | DETAILS: Score: 0.80, Types: sequential | GUILD: 123456789 | USER: 987654324
2026-06-08 13:00:41 - SECURITY - EVENT: ANOMALY_DETECTED | DETAILS: Score: 0.80, Types: sequential | GUILD: 123456789 | USER: 987654324
2026-06-08 13:00:41 - SECURITY - EVENT: ANOMALY_DETECTED | DETAILS: Score: 0.90, Types: new_account | GUILD: 123456789 | USER: 987654327
2026-06-08 13:54:24 - SECURITY - EVENT: ANOMALY_DETECTED | DETAILS: Score: 0.90, Types: new_account | GUILD: 1512695207206981766 | USER: 1415996915329400872
2026-06-08 13:54:24 - SECURITY - EVENT: ANOMALY_DETECTED | DETAILS: Score: 0.90, Types: new_account | GUILD: 1512695207206981766 | USER: 1415996915329400872
2026-06-08 13:54:49 - SECURITY - EVENT: ZERO_TRUST_DENY | DETAILS: Action server_update denied for user 1510854558929125416 | GUILD: 1512695207206981766 | USER: 1510854558929125416
2026-06-08 13:54:51 - SECURITY - EVENT: ZERO_TRUST_DENY | DETAILS: Action channel_delete denied for user 1510854558929125416 | GUILD: 1512695207206981766 | USER: 1510854558929125416
2026-06-08 13:54:51 - SECURITY - EVENT: ZERO_TRUST_DENY | DETAILS: Action channel_delete denied for user 1510854558929125416 | GUILD: 1512695207206981766 | USER: 1510854558929125416
2026-06-08 13:54:51 - SECURITY - EVENT: ZERO_TRUST_DENY | DETAILS: Action channel_delete denied for user 1510854558929125416 | GUILD: 1512695207206981766 | USER: 1510854558929125416
2026-06-08 13:54:52 - SECURITY - EVENT: ANOMALY_DETECTED | DETAILS: Score: 0.80, Types: sequential | GUILD: 1512695207206981766 | USER: 1510854558929125416
2026-06-08 13:54:52 - SECURITY - EVENT: ANOMALY_DETECTED | DETAILS: Score: 0.80, Types: sequential | GUILD: 1512695207206981766 | USER: 1510854558929125416
2026-06-08 13:54:52 - SECURITY - EVENT: ANOMALY_DETECTED | DETAILS: Score: 0.80, Types: sequential | GUILD: 1512695207206981766 | USER: 1510854558929125416
2026-06-08 13:54:52 - SECURITY - EVENT: ANOMALY_DETECTED | DETAILS: Score: 0.80, Types: sequential | GUILD: 1512695207206981766 | USER: 1510854558929125416
2026-06-08 13:54:53 - SECURITY - EVENT: ANOMALY_DETECTED | DETAILS: Score: 0.80, Types: sequential | GUILD: 1512695207206981766 | USER: 1510854558929125416
2026-06-08 13:54:53 - SECURITY - EVENT: ANOMALY_DETECTED | DETAILS: Score: 0.80, Types: sequential | GUILD: 1512695207206981766 | USER: 1510854558929125416
2026-06-08 13:54:53 - SECURITY - EVENT: ANOMALY_DETECTED | DETAILS: Score: 0.80, Types: sequential | GUILD: 1512695207206981766 | USER: 1510854558929125416
2026-06-08 13:54:53 - SECURITY - EVENT: ANOMALY_DETECTED | DETAILS: Score: 0.80, Types: sequential | GUILD: 1512695207206981766 | USER: 1510854558929125416
2026-06-08 13:54:53 - SECURITY - EVENT: ANOMALY_DETECTED | DETAILS: Score: 0.80, Types: sequential | GUILD: 1512695207206981766 | USER: 1510854558929125416
2026-06-08 13:54:53 - SECURITY - EVENT: ANOMALY_DETECTED | DETAILS: Score: 0.80, Types: sequential | GUILD: 1512695207206981766 | USER: 1510854558929125416
2026-06-08 13:54:53 - SECURITY - EVENT: ANOMALY_DETECTED | DETAILS: Score: 0.80, Types: sequential | GUILD: 1512695207206981766 | USER: 1510854558929125416
2026-06-08 13:54:53 - SECURITY - EVENT: ANOMALY_DETECTED | DETAILS: Score: 0.80, Types: sequential | GUILD: 1512695207206981766 | USER: 1510854558929125416
2026-06-08 13:54:53 - SECURITY - EVENT: ANOMALY_DETECTED | DETAILS: Score: 0.80, Types: sequential | GUILD: 1512695207206981766 | USER: 1510854558929125416
2026-06-08 13:54:53 - SECURITY - EVENT: ANOMALY_DETECTED | DETAILS: Score: 0.80, Types: sequential | GUILD: 1512695207206981766 | USER: 1510854558929125416
2026-06-08 13:54:53 - SECURITY - EVENT: ANOMALY_DETECTED | DETAILS: Score: 0.80, Types: sequential | GUILD: 1512695207206981766 | USER: 1510854558929125416
2026-06-08 13:54:53 - SECURITY - EVENT: ANOMALY_DETECTED | DETAILS: Score: 0.80, Types: sequential | GUILD: 1512695207206981766 | USER: 1510854558929125416
2026-06-08 13:54:53 - SECURITY - EVENT: ANOMALY_DETECTED | DETAILS: Score: 0.80, Types: sequential | GUILD: 1512695207206981766 | USER: 1510854558929125416
2026-06-08 13:54:53 - SECURITY - EVENT: ANOMALY_DETECTED | DETAILS: Score: 0.80, Types: sequential | GUILD: 1512695207206981766 | USER: 1510854558929125416
2026-06-08 13:54:53 - SECURITY - EVENT: ANOMALY_DETECTED | DETAILS: Score: 0.80, Types: sequential | GUILD: 1512695207206981766 | USER: 1510854558929125416
2026-06-08 13:54:53 - SECURITY - EVENT: ANOMALY_DETECTED | DETAILS: Score: 0.80, Types: sequential | GUILD: 1512695207206981766 | USER: 1510854558929125416
2026-06-08 13:54:53 - SECURITY - EVENT: ANOMALY_DETECTED | DETAILS: Score: 0.80, Types: sequential | GUILD: 1512695207206981766 | USER: 1510854558929125416
2026-06-08 13:54:53 - SECURITY - EVENT: ANOMALY_DETECTED | DETAILS: Score: 0.80, Types: sequential | GUILD: 1512695207206981766 | USER: 1510854558929125416
2026-06-08 13:54:53 - SECURITY - EVENT: ANOMALY_DETECTED | DETAILS: Score: 0.80, Types: sequential | GUILD: 1512695207206981766 | USER: 1510854558929125416
2026-06-08 13:54:53 - SECURITY - EVENT: ANOMALY_DETECTED | DETAILS: Score: 0.80, Types: sequential | GUILD: 1512695207206981766 | USER: 1510854558929125416
2026-06-08 13:54:53 - SECURITY - EVENT: ANOMALY_DETECTED | DETAILS: Score: 0.80, Types: sequential | GUILD: 1512695207206981766 | USER: 1510854558929125416
2026-06-08 13:54:53 - SECURITY - EVENT: ANOMALY_DETECTED | DETAILS: Score: 0.80, Types: sequential | GUILD: 1512695207206981766 | USER: 1510854558929125416
2026-06-08 13:54:53 - SECURITY - EVENT: ANOMALY_DETECTED | DETAILS: Score: 0.80, Types: sequential | GUILD: 1512695207206981766 | USER: 1510854558929125416
2026-06-08 13:54:53 - SECURITY - EVENT: ANOMALY_DETECTED | DETAILS: Score: 0.80, Types: sequential | GUILD: 1512695207206981766 | USER: 1510854558929125416
2026-06-08 13:54:53 - SECURITY - EVENT: ANOMALY_DETECTED | DETAILS: Score: 0.80, Types: sequential | GUILD: 1512695207206981766 | USER: 1510854558929125416
2026-06-08 13:54:53 - SECURITY - EVENT: ANOMALY_DETECTED | DETAILS: Score: 0.80, Types: sequential | GUILD: 1512695207206981766 | USER: 1510854558929125416
2026-06-08 13:54:53 - SECURITY - EVENT: ANOMALY_DETECTED | DETAILS: Score: 0.80, Types: sequential | GUILD: 1512695207206981766 | USER: 1510854558929125416
2026-06-08 13:54:53 - SECURITY - EVENT: ANOMALY_DETECTED | DETAILS: Score: 0.80, Types: sequential | GUILD: 1512695207206981766 | USER: 1510854558929125416
2026-06-08 13:54:53 - SECURITY - EVENT: ANOMALY_DETECTED | DETAILS: Score: 0.80, Types: sequential | GUILD: 1512695207206981766 | USER: 1510854558929125416
2026-06-08 13:54:53 - SECURITY - EVENT: ANOMALY_DETECTED | DETAILS: Score: 0.80, Types: sequential | GUILD: 1512695207206981766 | USER: 1510854558929125416
2026-06-08 13:54:53 - SECURITY - EVENT: ANOMALY_DETECTED | DETAILS: Score: 0.80, Types: sequential | GUILD: 1512695207206981766 | USER: 1510854558929125416
2026-06-08 13:54:53 - SECURITY - EVENT: ANOMALY_DETECTED | DETAILS: Score: 0.80, Types: sequential | GUILD: 1512695207206981766 | USER: 1510854558929125416
2026-06-08 13:54:53 - SECURITY - EVENT: ANOMALY_DETECTED | DETAILS: Score: 0.80, Types: sequential | GUILD: 1512695207206981766 | USER: 1510854558929125416
2026-06-08 13:54:53 - SECURITY - EVENT: ANOMALY_DETECTED | DETAILS: Score: 0.80, Types: sequential | GUILD: 1512695207206981766 | USER: 1510854558929125416
2026-06-08 13:54:53 - SECURITY - EVENT: ANOMALY_DETECTED | DETAILS: Score: 0.80, Types: sequential | GUILD: 1512695207206981766 | USER: 1510854558929125416
2026-06-08 13:54:53 - SECURITY - EVENT: ANOMALY_DETECTED | DETAILS: Score: 0.80, Types: sequential | GUILD: 1512695207206981766 | USER: 1510854558929125416
2026-06-08 13:54:53 - SECURITY - EVENT: ANOMALY_DETECTED | DETAILS: Score: 0.80, Types: sequential | GUILD: 1512695207206981766 | USER: 1510854558929125416
2026-06-08 13:54:53 - SECURITY - EVENT: ANOMALY_DETECTED | DETAILS: Score: 0.80, Types: sequential | GUILD: 1512695207206981766 | USER: 1510854558929125416
2026-06-08 13:54:53 - SECURITY - EVENT: ANOMALY_DETECTED | DETAILS: Score: 0.80, Types: sequential | GUILD: 1512695207206981766 | USER: 1510854558929125416
2026-06-08 13:54:53 - SECURITY - EVENT: ANOMALY_DETECTED | DETAILS: Score: 0.80, Types: sequential | GUILD: 1512695207206981766 | USER: 1510854558929125416
2026-06-08 13:54:53 - SECURITY - EVENT: ANOMALY_DETECTED | DETAILS: Score: 0.80, Types: sequential | GUILD: 1512695207206981766 | USER: 1510854558929125416
2026-06-08 13:54:53 - SECURITY - EVENT: ANOMALY_DETECTED | DETAILS: Score: 0.80, Types: sequential | GUILD: 1512695207206981766 | USER: 1510854558929125416
2026-06-08 13:54:53 - SECURITY - EVENT: ANOMALY_DETECTED | DETAILS: Score: 0.80, Types: sequential | GUILD: 1512695207206981766 | USER: 1510854558929125416
2026-06-08 13:54:53 - SECURITY - EVENT: ANOMALY_DETECTED | DETAILS: Score: 0.80, Types: sequential | GUILD: 1512695207206981766 | USER: 1510854558929125416
2026-06-08 13:54:53 - SECURITY - EVENT: ANOMALY_DETECTED | DETAILS: Score: 0.80, Types: sequential | GUILD: 1512695207206981766 | USER: 1510854558929125416
2026-06-08 13:54:53 - SECURITY - EVENT: ANOMALY_DETECTED | DETAILS: Score: 0.80, Types: sequential | GUILD: 1512695207206981766 | USER: 1510854558929125416
2026-06-08 13:54:53 - SECURITY - EVENT: ANOMALY_DETECTED | DETAILS: Score: 0.80, Types: sequential | GUILD: 1512695207206981766 | USER: 1510854558929125416
2026-06-08 13:54:53 - SECURITY - EVENT: ANOMALY_DETECTED | DETAILS: Score: 0.80, Types: sequential | GUILD: 1512695207206981766 | USER: 1510854558929125416
2026-06-08 13:54:53 - SECURITY - EVENT: ANOMALY_DETECTED | DETAILS: Score: 0.80, Types: sequential | GUILD: 1512695207206981766 | USER: 1510854558929125416
2026-06-08 13:54:53 - SECURITY - EVENT: ANOMALY_DETECTED | DETAILS: Score: 0.80, Types: sequential | GUILD: 1512695207206981766 | USER: 1510854558929125416
2026-06-08 13:54:53 - SECURITY - EVENT: ANOMALY_DETECTED | DETAILS: Score: 0.80, Types: sequential | GUILD: 1512695207206981766 | USER: 1510854558929125416
2026-06-08 13:54:53 - SECURITY - EVENT: ANOMALY_DETECTED | DETAILS: Score: 0.80, Types: sequential | GUILD: 1512695207206981766 | USER: 1510854558929125416
2026-06-08 13:54:53 - SECURITY - EVENT: ANOMALY_DETECTED | DETAILS: Score: 0.80, Types: sequential | GUILD: 1512695207206981766 | USER: 1510854558929125416
2026-06-08 13:54:53 - SECURITY - EVENT: ANOMALY_DETECTED | DETAILS: Score: 0.80, Types: sequential | GUILD: 1512695207206981766 | USER: 1510854558929125416
2026-06-08 13:54:53 - SECURITY - EVENT: ANOMALY_DETECTED | DETAILS: Score: 0.80, Types: sequential | GUILD: 1512695207206981766 | USER: 1510854558929125416
2026-06-08 13:54:53 - SECURITY - EVENT: ANOMALY_DETECTED | DETAILS: Score: 0.80, Types: sequential | GUILD: 1512695207206981766 | USER: 1510854558929125416
2026-06-08 13:54:53 - SECURITY - EVENT: ANOMALY_DETECTED | DETAILS: Score: 0.80, Types: sequential | GUILD: 1512695207206981766 | USER: 1510854558929125416
2026-06-08 13:54:53 - SECURITY - EVENT: ANOMALY_DETECTED | DETAILS: Score: 0.80, Types: sequential | GUILD: 1512695207206981766 | USER: 1510854558929125416
2026-06-08 13:54:53 - SECURITY - EVENT: ANOMALY_DETECTED | DETAILS: Score: 0.80, Types: sequential | GUILD: 1512695207206981766 | USER: 1510854558929125416
2026-06-08 13:54:53 - SECURITY - EVENT: ANOMALY_DETECTED | DETAILS: Score: 0.80, Types: sequential | GUILD: 1512695207206981766 | USER: 1510854558929125416
2026-06-08 13:54:53 - SECURITY - EVENT: ANOMALY_DETECTED | DETAILS: Score: 0.80, Types: sequential | GUILD: 1512695207206981766 | USER: 1510854558929125416
2026-06-08 13:54:53 - SECURITY - EVENT: ANOMALY_DETECTED | DETAILS: Score: 0.80, Types: sequential | GUILD: 1512695207206981766 | USER: 1510854558929125416
2026-06-08 13:54:53 - SECURITY - EVENT: ANOMALY_DETECTED | DETAILS: Score: 0.80, Types: sequential | GUILD: 1512695207206981766 | USER: 1510854558929125416
2026-06-08 13:54:53 - SECURITY - EVENT: ANOMALY_DETECTED | DETAILS: Score: 0.80, Types: sequential | GUILD: 1512695207206981766 | USER: 1510854558929125416
2026-06-08 13:54:53 - SECURITY - EVENT: ANOMALY_DETECTED | DETAILS: Score: 0.80, Types: sequential | GUILD: 1512695207206981766 | USER: 1510854558929125416
2026-06-08 13:54:53 - SECURITY - EVENT: ANOMALY_DETECTED | DETAILS: Score: 0.80, Types: sequential | GUILD: 1512695207206981766 | USER: 1510854558929125416
2026-06-08 13:54:53 - SECURITY - EVENT: ANOMALY_DETECTED | DETAILS: Score: 0.80, Types: sequential | GUILD: 1512695207206981766 | USER: 1510854558929125416
2026-06-08 13:54:53 - SECURITY - EVENT: ANOMALY_DETECTED | DETAILS: Score: 0.80, Types: sequential | GUILD: 1512695207206981766 | USER: 1510854558929125416
2026-06-08 13:54:53 - SECURITY - EVENT: ANOMALY_DETECTED | DETAILS: Score: 0.80, Types: sequential | GUILD: 1512695207206981766 | USER: 1510854558929125416
2026-06-08 13:54:53 - SECURITY - EVENT: ANOMALY_DETECTED | DETAILS: Score: 0.80, Types: sequential | GUILD: 1512695207206981766 | USER: 1510854558929125416
2026-06-08 13:54:53 - SECURITY - EVENT: ANOMALY_DETECTED | DETAILS: Score: 0.80, Types: sequential | GUILD: 1512695207206981766 | USER: 1510854558929125416
2026-06-08 13:54:53 - SECURITY - EVENT: ANOMALY_DETECTED | DETAILS: Score: 0.80, Types: sequential | GUILD: 1512695207206981766 | USER: 1510854558929125416
2026-06-08 13:54:53 - SECURITY - EVENT: ANOMALY_DETECTED | DETAILS: Score: 0.80, Types: sequential | GUILD: 1512695207206981766 | USER: 1510854558929125416
2026-06-08 13:54:53 - SECURITY - EVENT: ANOMALY_DETECTED | DETAILS: Score: 0.80, Types: sequential | GUILD: 1512695207206981766 | USER: 1510854558929125416
2026-06-08 13:54:53 - SECURITY - EVENT: ANOMALY_DETECTED | DETAILS: Score: 0.80, Types: sequential | GUILD: 1512695207206981766 | USER: 1510854558929125416
2026-06-08 13:54:53 - SECURITY - EVENT: ANOMALY_DETECTED | DETAILS: Score: 0.80, Types: sequential | GUILD: 1512695207206981766 | USER: 1510854558929125416
2026-06-08 13:54:53 - SECURITY - EVENT: ANOMALY_DETECTED | DETAILS: Score: 0.80, Types: sequential | GUILD: 1512695207206981766 | USER: 1510854558929125416
2026-06-08 13:54:53 - SECURITY - EVENT: ANOMALY_DETECTED | DETAILS: Score: 0.80, Types: sequential | GUILD: 1512695207206981766 | USER: 1510854558929125416
2026-06-08 13:54:53 - SECURITY - EVENT: ANOMALY_DETECTED | DETAILS: Score: 0.80, Types: sequential | GUILD: 1512695207206981766 | USER: 1510854558929125416
2026-06-08 13:54:53 - SECURITY - EVENT: ANOMALY_DETECTED | DETAILS: Score: 0.80, Types: sequential | GUILD: 1512695207206981766 | USER: 1510854558929125416
2026-06-08 13:54:53 - SECURITY - EVENT: ANOMALY_DETECTED | DETAILS: Score: 0.80, Types: sequential | GUILD: 1512695207206981766 | USER: 1510854558929125416
2026-06-08 13:54:53 - SECURITY - EVENT: ANOMALY_DETECTED | DETAILS: Score: 0.80, Types: sequential | GUILD: 1512695207206981766 | USER: 1510854558929125416
2026-06-08 13:54:53 - SECURITY - EVENT: ANOMALY_DETECTED | DETAILS: Score: 0.80, Types: sequential | GUILD: 1512695207206981766 | USER: 1510854558929125416
2026-06-08 13:54:53 - SECURITY - EVENT: ANOMALY_DETECTED | DETAILS: Score: 0.80, Types: sequential | GUILD: 1512695207206981766 | USER: 1510854558929125416
2026-06-08 13:54:53 - SECURITY - EVENT: ANOMALY_DETECTED | DETAILS: Score: 0.80, Types: sequential | GUILD: 1512695207206981766 | USER: 1510854558929125416
2026-06-08 13:54:53 - SECURITY - EVENT: ANOMALY_DETECTED | DETAILS: Score: 0.80, Types: sequential | GUILD: 1512695207206981766 | USER: 1510854558929125416
2026-06-08 13:54:53 - SECURITY - EVENT: ANOMALY_DETECTED | DETAILS: Score: 0.80, Types: sequential | GUILD: 1512695207206981766 | USER: 1510854558929125416
2026-06-08 13:54:53 - SECURITY - EVENT: ANOMALY_DETECTED | DETAILS: Score: 0.80, Types: sequential | GUILD: 1512695207206981766 | USER: 1510854558929125416
2026-06-08 13:54:53 - SECURITY - EVENT: ANOMALY_DETECTED | DETAILS: Score: 0.80, Types: sequential | GUILD: 1512695207206981766 | USER: 1510854558929125416
2026-06-08 13:54:53 - SECURITY - EVENT: ANOMALY_DETECTED | DETAILS: Score: 0.80, Types: sequential | GUILD: 1512695207206981766 | USER: 1510854558929125416
2026-06-08 13:56:20 - SECURITY - EVENT: ZERO_TRUST_DENY | DETAILS: Action channel_delete denied for user 1510854558929125416 | GUILD: 1512695207206981766 | USER: 1510854558929125416
2026-06-08 13:56:21 - SECURITY - EVENT: ZERO_TRUST_DENY | DETAILS: Action channel_delete denied for user 1510854558929125416 | GUILD: 1512695207206981766 | USER: 1510854558929125416
2026-06-08 13:56:21 - SECURITY - EVENT: ZERO_TRUST_DENY | DETAILS: Action channel_delete denied for user 1510854558929125416 | GUILD: 1512695207206981766 | USER: 1510854558929125416
2026-06-08 13:56:21 - SECURITY - EVENT: ZERO_TRUST_DENY | DETAILS: Action channel_delete denied for user 1510854558929125416 | GUILD: 1512695207206981766 | USER: 1510854558929125416
2026-06-08 13:56:21 - SECURITY - EVENT: ZERO_TRUST_DENY | DETAILS: Action channel_delete denied for user 1510854558929125416 | GUILD: 1512695207206981766 | USER: 1510854558929125416
2026-06-08 13:56:21 - SECURITY - EVENT: ZERO_TRUST_DENY | DETAILS: Action channel_delete denied for user 1510854558929125416 | GUILD: 1512695207206981766 | USER: 1510854558929125416
2026-06-08 13:56:21 - SECURITY - EVENT: ZERO_TRUST_DENY | DETAILS: Action channel_delete denied for user 1510854558929125416 | GUILD: 1512695207206981766 | USER: 1510854558929125416
2026-06-08 13:56:21 - SECURITY - EVENT: ZERO_TRUST_DENY | DETAILS: Action channel_delete denied for user 1510854558929125416 | GUILD: 1512695207206981766 | USER: 1510854558929125416
2026-06-08 13:56:21 - SECURITY - EVENT: ZERO_TRUST_DENY | DETAILS: Action channel_delete denied for user 1510854558929125416 | GUILD: 1512695207206981766 | USER: 1510854558929125416
2026-06-08 13:56:21 - SECURITY - EVENT: ZERO_TRUST_DENY | DETAILS: Action channel_delete denied for user 1510854558929125416 | GUILD: 1512695207206981766 | USER: 1510854558929125416
2026-06-08 13:56:21 - SECURITY - EVENT: ZERO_TRUST_DENY | DETAILS: Action channel_delete denied for user 1510854558929125416 | GUILD: 1512695207206981766 | USER: 1510854558929125416
2026-06-08 13:56:21 - SECURITY - EVENT: ZERO_TRUST_DENY | DETAILS: Action channel_delete denied for user 1510854558929125416 | GUILD: 1512695207206981766 | USER: 1510854558929125416
2026-06-08 13:56:21 - SECURITY - EVENT: ZERO_TRUST_DENY | DETAILS: Action channel_delete denied for user 1510854558929125416 | GUILD: 1512695207206981766 | USER: 1510854558929125416
2026-06-08 13:56:21 - SECURITY - EVENT: ZERO_TRUST_DENY | DETAILS: Action channel_delete denied for user 1510854558929125416 | GUILD: 1512695207206981766 | USER: 1510854558929125416
2026-06-08 13:56:21 - SECURITY - EVENT: ZERO_TRUST_DENY | DETAILS: Action channel_delete denied for user 1510854558929125416 | GUILD: 1512695207206981766 | USER: 1510854558929125416
2026-06-08 13:56:21 - SECURITY - EVENT: ZERO_TRUST_DENY | DETAILS: Action channel_delete denied for user 1510854558929125416 | GUILD: 1512695207206981766 | USER: 1510854558929125416
2026-06-08 13:56:21 - SECURITY - EVENT: ZERO_TRUST_DENY | DETAILS: Action channel_delete denied for user 1510854558929125416 | GUILD: 1512695207206981766 | USER: 1510854558929125416
2026-06-08 13:56:21 - SECURITY - EVENT: ZERO_TRUST_DENY | DETAILS: Action channel_delete denied for user 1510854558929125416 | GUILD: 1512695207206981766 | USER: 1510854558929125416
2026-06-08 13:56:21 - SECURITY - EVENT: ZERO_TRUST_DENY | DETAILS: Action channel_delete denied for user 1510854558929125416 | GUILD: 1512695207206981766 | USER: 1510854558929125416
2026-06-08 13:56:21 - SECURITY - EVENT: ZERO_TRUST_DENY | DETAILS: Action channel_delete denied for user 1510854558929125416 | GUILD: 1512695207206981766 | USER: 1510854558929125416
2026-06-08 13:56:21 - SECURITY - EVENT: ZERO_TRUST_DENY | DETAILS: Action channel_delete denied for user 1510854558929125416 | GUILD: 1512695207206981766 | USER: 1510854558929125416
2026-06-08 13:56:21 - SECURITY - EVENT: ZERO_TRUST_DENY | DETAILS: Action channel_delete denied for user 1510854558929125416 | GUILD: 1512695207206981766 | USER: 1510854558929125416
2026-06-08 13:56:21 - SECURITY - EVENT: ZERO_TRUST_DENY | DETAILS: Action channel_delete denied for user 1510854558929125416 | GUILD: 1512695207206981766 | USER: 1510854558929125416
2026-06-08 13:56:21 - SECURITY - EVENT: ZERO_TRUST_DENY | DETAILS: Action channel_delete denied for user 1510854558929125416 | GUILD: 1512695207206981766 | USER: 1510854558929125416
2026-06-08 13:56:21 - SECURITY - EVENT: ZERO_TRUST_DENY | DETAILS: Action channel_delete denied for user 1510854558929125416 | GUILD: 1512695207206981766 | USER: 1510854558929125416
2026-06-08 13:56:21 - SECURITY - EVENT: ZERO_TRUST_DENY | DETAILS: Action channel_delete denied for user 1510854558929125416 | GUILD: 1512695207206981766 | USER: 1510854558929125416
2026-06-08 13:56:21 - SECURITY - EVENT: ZERO_TRUST_DENY | DETAILS: Action channel_delete denied for user 1510854558929125416 | GUILD: 1512695207206981766 | USER: 1510854558929125416
2026-06-08 13:56:21 - SECURITY - EVENT: ZERO_TRUST_DENY | DETAILS: Action channel_delete denied for user 1510854558929125416 | GUILD: 1512695207206981766 | USER: 1510854558929125416
2026-06-08 13:56:21 - SECURITY - EVENT: ZERO_TRUST_DENY | DETAILS: Action channel_delete denied for user 1510854558929125416 | GUILD: 1512695207206981766 | USER: 1510854558929125416
2026-06-08 13:56:21 - SECURITY - EVENT: ZERO_TRUST_DENY | DETAILS: Action channel_delete denied for user 1510854558929125416 | GUILD: 1512695207206981766 | USER: 1510854558929125416
2026-06-08 13:56:21 - SECURITY - EVENT: ZERO_TRUST_DENY | DETAILS: Action channel_delete denied for user 1510854558929125416 | GUILD: 1512695207206981766 | USER: 1510854558929125416
2026-06-08 13:56:21 - SECURITY - EVENT: ZERO_TRUST_DENY | DETAILS: Action channel_delete denied for user 1510854558929125416 | GUILD: 1512695207206981766 | USER: 1510854558929125416
2026-06-08 13:56:21 - SECURITY - EVENT: ZERO_TRUST_DENY | DETAILS: Action channel_delete denied for user 1510854558929125416 | GUILD: 1512695207206981766 | USER: 1510854558929125416
2026-06-08 13:56:21 - SECURITY - EVENT: ZERO_TRUST_DENY | DETAILS: Action channel_delete denied for user 1510854558929125416 | GUILD: 1512695207206981766 | USER: 1510854558929125416
2026-06-08 13:56:21 - SECURITY - EVENT: ZERO_TRUST_DENY | DETAILS: Action channel_delete denied for user 1510854558929125416 | GUILD: 1512695207206981766 | USER: 1510854558929125416
2026-06-08 13:56:21 - SECURITY - EVENT: ZERO_TRUST_DENY | DETAILS: Action channel_delete denied for user 1510854558929125416 | GUILD: 1512695207206981766 | USER: 1510854558929125416
2026-06-08 13:56:21 - SECURITY - EVENT: ZERO_TRUST_DENY | DETAILS: Action channel_delete denied for user 1510854558929125416 | GUILD: 1512695207206981766 | USER: 1510854558929125416
2026-06-08 13:56:21 - SECURITY - EVENT: ZERO_TRUST_DENY | DETAILS: Action channel_delete denied for user 1510854558929125416 | GUILD: 1512695207206981766 | USER: 1510854558929125416
2026-06-08 13:56:21 - SECURITY - EVENT: ZERO_TRUST_DENY | DETAILS: Action channel_delete denied for user 1510854558929125416 | GUILD: 1512695207206981766 | USER: 1510854558929125416
2026-06-08 13:56:21 - SECURITY - EVENT: ZERO_TRUST_DENY | DETAILS: Action channel_delete denied for user 1510854558929125416 | GUILD: 1512695207206981766 | USER: 1510854558929125416
2026-06-08 13:56:21 - SECURITY - EVENT: ZERO_TRUST_DENY | DETAILS: Action channel_delete denied for user 1510854558929125416 | GUILD: 1512695207206981766 | USER: 1510854558929125416
2026-06-08 13:56:21 - SECURITY - EVENT: ZERO_TRUST_DENY | DETAILS: Action channel_delete denied for user 1510854558929125416 | GUILD: 1512695207206981766 | USER: 1510854558929125416
2026-06-08 13:56:21 - SECURITY - EVENT: ZERO_TRUST_DENY | DETAILS: Action channel_delete denied for user 1510854558929125416 | GUILD: 1512695207206981766 | USER: 1510854558929125416
2026-06-08 13:56:21 - SECURITY - EVENT: ZERO_TRUST_DENY | DETAILS: Action channel_delete denied for user 1510854558929125416 | GUILD: 1512695207206981766 | USER: 1510854558929125416
2026-06-08 13:56:21 - SECURITY - EVENT: ZERO_TRUST_DENY | DETAILS: Action channel_delete denied for user 1510854558929125416 | GUILD: 1512695207206981766 | USER: 1510854558929125416
2026-06-08 13:56:21 - SECURITY - EVENT: ZERO_TRUST_DENY | DETAILS: Action channel_delete denied for user 1510854558929125416 | GUILD: 1512695207206981766 | USER: 1510854558929125416
2026-06-08 13:56:21 - SECURITY - EVENT: ZERO_TRUST_DENY | DETAILS: Action channel_delete denied for user 1510854558929125416 | GUILD: 1512695207206981766 | USER: 1510854558929125416
2026-06-08 13:56:21 - SECURITY - EVENT: ZERO_TRUST_DENY | DETAILS: Action channel_delete denied for user 1510854558929125416 | GUILD: 1512695207206981766 | USER: 1510854558929125416
2026-06-08 13:56:21 - SECURITY - EVENT: ZERO_TRUST_DENY | DETAILS: Action channel_delete denied for user 1510854558929125416 | GUILD: 1512695207206981766 | USER: 1510854558929125416
2026-06-08 13:56:21 - SECURITY - EVENT: ZERO_TRUST_DENY | DETAILS: Action channel_delete denied for user 1510854558929125416 | GUILD: 1512695207206981766 | USER: 1510854558929125416
2026-06-08 13:56:22 - SECURITY - EVENT: ANOMALY_DETECTED | DETAILS: Score: 0.80, Types: sequential | GUILD: 1512695207206981766 | USER: 1510854558929125416
2026-06-08 13:56:22 - SECURITY - EVENT: ANOMALY_DETECTED | DETAILS: Score: 0.80, Types: sequential | GUILD: 1512695207206981766 | USER: 1510854558929125416
2026-06-08 13:56:22 - SECURITY - EVENT: ANOMALY_DETECTED | DETAILS: Score: 0.80, Types: sequential | GUILD: 1512695207206981766 | USER: 1510854558929125416
2026-06-08 13:56:22 - SECURITY - EVENT: ANOMALY_DETECTED | DETAILS: Score: 0.80, Types: sequential | GUILD: 1512695207206981766 | USER: 1510854558929125416
2026-06-08 13:56:22 - SECURITY - EVENT: ANOMALY_DETECTED | DETAILS: Score: 0.80, Types: sequential | GUILD: 1512695207206981766 | USER: 1510854558929125416
2026-06-08 13:56:22 - SECURITY - EVENT: ANOMALY_DETECTED | DETAILS: Score: 0.80, Types: sequential | GUILD: 1512695207206981766 | USER: 1510854558929125416
2026-06-08 13:56:23 - SECURITY - EVENT: ANOMALY_DETECTED | DETAILS: Score: 0.80, Types: sequential | GUILD: 1512695207206981766 | USER: 1510854558929125416
2026-06-08 13:56:23 - SECURITY - EVENT: ANOMALY_DETECTED | DETAILS: Score: 0.80, Types: sequential | GUILD: 1512695207206981766 | USER: 1510854558929125416
2026-06-08 13:56:23 - SECURITY - EVENT: ANOMALY_DETECTED | DETAILS: Score: 0.80, Types: sequential | GUILD: 1512695207206981766 | USER: 1510854558929125416
2026-06-08 13:56:23 - SECURITY - EVENT: ANOMALY_DETECTED | DETAILS: Score: 0.80, Types: sequential | GUILD: 1512695207206981766 | USER: 1510854558929125416
2026-06-08 13:56:23 - SECURITY - EVENT: ANOMALY_DETECTED | DETAILS: Score: 0.80, Types: sequential | GUILD: 1512695207206981766 | USER: 1510854558929125416
2026-06-08 13:56:23 - SECURITY - EVENT: ANOMALY_DETECTED | DETAILS: Score: 0.80, Types: sequential | GUILD: 1512695207206981766 | USER: 1510854558929125416
2026-06-08 13:56:23 - SECURITY - EVENT: ANOMALY_DETECTED | DETAILS: Score: 0.80, Types: sequential | GUILD: 1512695207206981766 | USER: 1510854558929125416
2026-06-08 13:56:23 - SECURITY - EVENT: ANOMALY_DETECTED | DETAILS: Score: 0.80, Types: sequential | GUILD: 1512695207206981766 | USER: 1510854558929125416
2026-06-08 13:56:23 - SECURITY - EVENT: ANOMALY_DETECTED | DETAILS: Score: 0.80, Types: sequential | GUILD: 1512695207206981766 | USER: 1510854558929125416
2026-06-08 13:56:23 - SECURITY - EVENT: ANOMALY_DETECTED | DETAILS: Score: 0.80, Types: sequential | GUILD: 1512695207206981766 | USER: 1510854558929125416
2026-06-08 13:56:23 - SECURITY - EVENT: ANOMALY_DETECTED | DETAILS: Score: 0.80, Types: sequential | GUILD: 1512695207206981766 | USER: 1510854558929125416
2026-06-08 13:56:23 - SECURITY - EVENT: ANOMALY_DETECTED | DETAILS: Score: 0.80, Types: sequential | GUILD: 1512695207206981766 | USER: 1510854558929125416
2026-06-08 13:56:23 - SECURITY - EVENT: ANOMALY_DETECTED | DETAILS: Score: 0.80, Types: sequential | GUILD: 1512695207206981766 | USER: 1510854558929125416
2026-06-08 13:56:23 - SECURITY - EVENT: ANOMALY_DETECTED | DETAILS: Score: 0.80, Types: sequential | GUILD: 1512695207206981766 | USER: 1510854558929125416
2026-06-08 13:56:23 - SECURITY - EVENT: ANOMALY_DETECTED | DETAILS: Score: 0.80, Types: sequential | GUILD: 1512695207206981766 | USER: 1510854558929125416
2026-06-08 13:56:23 - SECURITY - EVENT: ANOMALY_DETECTED | DETAILS: Score: 0.80, Types: sequential | GUILD: 1512695207206981766 | USER: 1510854558929125416
2026-06-08 13:56:23 - SECURITY - EVENT: ANOMALY_DETECTED | DETAILS: Score: 0.80, Types: sequential | GUILD: 1512695207206981766 | USER: 1510854558929125416
2026-06-08 13:56:23 - SECURITY - EVENT: ANOMALY_DETECTED | DETAILS: Score: 0.80, Types: sequential | GUILD: 1512695207206981766 | USER: 1510854558929125416
2026-06-08 13:56:23 - SECURITY - EVENT: ANOMALY_DETECTED | DETAILS: Score: 0.80, Types: sequential | GUILD: 1512695207206981766 | USER: 1510854558929125416
2026-06-08 13:56:23 - SECURITY - EVENT: ANOMALY_DETECTED | DETAILS: Score: 0.80, Types: sequential | GUILD: 1512695207206981766 | USER: 1510854558929125416
2026-06-08 13:56:23 - SECURITY - EVENT: ANOMALY_DETECTED | DETAILS: Score: 0.80, Types: sequential | GUILD: 1512695207206981766 | USER: 1510854558929125416
2026-06-08 13:56:23 - SECURITY - EVENT: ANOMALY_DETECTED | DETAILS: Score: 0.80, Types: sequential | GUILD: 1512695207206981766 | USER: 1510854558929125416
2026-06-08 13:56:23 - SECURITY - EVENT: ANOMALY_DETECTED | DETAILS: Score: 0.80, Types: sequential | GUILD: 1512695207206981766 | USER: 1510854558929125416
2026-06-08 13:56:23 - SECURITY - EVENT: ANOMALY_DETECTED | DETAILS: Score: 0.80, Types: sequential | GUILD: 1512695207206981766 | USER: 1510854558929125416
2026-06-08 13:56:23 - SECURITY - EVENT: ANOMALY_DETECTED | DETAILS: Score: 0.80, Types: sequential | GUILD: 1512695207206981766 | USER: 1510854558929125416
2026-06-08 13:56:23 - SECURITY - EVENT: ANOMALY_DETECTED | DETAILS: Score: 0.80, Types: sequential | GUILD: 1512695207206981766 | USER: 1510854558929125416
2026-06-08 13:56:23 - SECURITY - EVENT: ANOMALY_DETECTED | DETAILS: Score: 0.80, Types: sequential | GUILD: 1512695207206981766 | USER: 1510854558929125416
2026-06-08 13:56:23 - SECURITY - EVENT: ANOMALY_DETECTED | DETAILS: Score: 0.80, Types: sequential | GUILD: 1512695207206981766 | USER: 1510854558929125416
2026-06-08 13:56:23 - SECURITY - EVENT: ANOMALY_DETECTED | DETAILS: Score: 0.80, Types: sequential | GUILD: 1512695207206981766 | USER: 1510854558929125416
2026-06-08 13:56:23 - SECURITY - EVENT: ANOMALY_DETECTED | DETAILS: Score: 0.80, Types: sequential | GUILD: 1512695207206981766 | USER: 1510854558929125416
2026-06-08 13:56:23 - SECURITY - EVENT: ANOMALY_DETECTED | DETAILS: Score: 0.80, Types: sequential | GUILD: 1512695207206981766 | USER: 1510854558929125416
2026-06-08 13:56:23 - SECURITY - EVENT: ANOMALY_DETECTED | DETAILS: Score: 0.80, Types: sequential | GUILD: 1512695207206981766 | USER: 1510854558929125416
2026-06-08 13:56:23 - SECURITY - EVENT: ANOMALY_DETECTED | DETAILS: Score: 0.80, Types: sequential | GUILD: 1512695207206981766 | USER: 1510854558929125416
2026-06-08 13:56:23 - SECURITY - EVENT: ANOMALY_DETECTED | DETAILS: Score: 0.80, Types: sequential | GUILD: 1512695207206981766 | USER: 1510854558929125416
2026-06-08 13:56:23 - SECURITY - EVENT: ANOMALY_DETECTED | DETAILS: Score: 0.80, Types: sequential | GUILD: 1512695207206981766 | USER: 1510854558929125416
2026-06-08 13:56:23 - SECURITY - EVENT: ANOMALY_DETECTED | DETAILS: Score: 0.80, Types: sequential | GUILD: 1512695207206981766 | USER: 1510854558929125416
2026-06-08 13:56:23 - SECURITY - EVENT: ANOMALY_DETECTED | DETAILS: Score: 0.80, Types: sequential | GUILD: 1512695207206981766 | USER: 1510854558929125416
2026-06-08 13:56:23 - SECURITY - EVENT: ANOMALY_DETECTED | DETAILS: Score: 0.80, Types: sequential | GUILD: 1512695207206981766 | USER: 1510854558929125416
2026-06-08 13:56:23 - SECURITY - EVENT: ANOMALY_DETECTED | DETAILS: Score: 0.80, Types: sequential | GUILD: 1512695207206981766 | USER: 1510854558929125416
2026-06-08 13:56:23 - SECURITY - EVENT: ANOMALY_DETECTED | DETAILS: Score: 0.80, Types: sequential | GUILD: 1512695207206981766 | USER: 1510854558929125416
2026-06-08 13:56:23 - SECURITY - EVENT: ANOMALY_DETECTED | DETAILS: Score: 0.80, Types: sequential | GUILD: 1512695207206981766 | USER: 1510854558929125416
2026-06-08 13:56:23 - SECURITY - EVENT: ANOMALY_DETECTED | DETAILS: Score: 0.80, Types: sequential | GUILD: 1512695207206981766 | USER: 1510854558929125416
2026-06-08 13:56:23 - SECURITY - EVENT: ANOMALY_DETECTED | DETAILS: Score: 0.80, Types: sequential | GUILD: 1512695207206981766 | USER: 1510854558929125416
2026-06-08 13:56:23 - SECURITY - EVENT: ANOMALY_DETECTED | DETAILS: Score: 0.80, Types: sequential | GUILD: 1512695207206981766 | USER: 1510854558929125416
2026-06-08 13:56:23 - SECURITY - EVENT: ANOMALY_DETECTED | DETAILS: Score: 0.80, Types: sequential | GUILD: 1512695207206981766 | USER: 1510854558929125416
2026-06-08 13:56:23 - SECURITY - EVENT: ANOMALY_DETECTED | DETAILS: Score: 0.80, Types: sequential | GUILD: 1512695207206981766 | USER: 1510854558929125416
2026-06-08 13:56:23 - SECURITY - EVENT: ANOMALY_DETECTED | DETAILS: Score: 0.80, Types: sequential | GUILD: 1512695207206981766 | USER: 1510854558929125416
2026-06-08 13:56:23 - SECURITY - EVENT: ANOMALY_DETECTED | DETAILS: Score: 0.80, Types: sequential | GUILD: 1512695207206981766 | USER: 1510854558929125416
2026-06-08 13:56:23 - SECURITY - EVENT: ANOMALY_DETECTED | DETAILS: Score: 0.80, Types: sequential | GUILD: 1512695207206981766 | USER: 1510854558929125416
2026-06-08 13:56:23 - SECURITY - EVENT: ANOMALY_DETECTED | DETAILS: Score: 0.80, Types: sequential | GUILD: 1512695207206981766 | USER: 1510854558929125416
2026-06-08 13:56:23 - SECURITY - EVENT: ANOMALY_DETECTED | DETAILS: Score: 0.80, Types: sequential | GUILD: 1512695207206981766 | USER: 1510854558929125416
2026-06-08 13:56:23 - SECURITY - EVENT: ANOMALY_DETECTED | DETAILS: Score: 0.80, Types: sequential | GUILD: 1512695207206981766 | USER: 1510854558929125416
2026-06-08 13:56:23 - SECURITY - EVENT: ANOMALY_DETECTED | DETAILS: Score: 0.80, Types: sequential | GUILD: 1512695207206981766 | USER: 1510854558929125416
2026-06-08 13:56:23 - SECURITY - EVENT: ANOMALY_DETECTED | DETAILS: Score: 0.80, Types: sequential | GUILD: 1512695207206981766 | USER: 1510854558929125416
2026-06-08 13:56:23 - SECURITY - EVENT: ANOMALY_DETECTED | DETAILS: Score: 0.80, Types: sequential | GUILD: 1512695207206981766 | USER: 1510854558929125416
2026-06-08 13:56:23 - SECURITY - EVENT: ANOMALY_DETECTED | DETAILS: Score: 0.80, Types: sequential | GUILD: 1512695207206981766 | USER: 1510854558929125416
2026-06-08 13:56:23 - SECURITY - EVENT: ANOMALY_DETECTED | DETAILS: Score: 0.80, Types: sequential | GUILD: 1512695207206981766 | USER: 1510854558929125416
2026-06-08 13:56:23 - SECURITY - EVENT: ANOMALY_DETECTED | DETAILS: Score: 0.80, Types: sequential | GUILD: 1512695207206981766 | USER: 1510854558929125416
2026-06-08 13:56:23 - SECURITY - EVENT: ANOMALY_DETECTED | DETAILS: Score: 0.80, Types: sequential | GUILD: 1512695207206981766 | USER: 1510854558929125416
2026-06-08 13:56:23 - SECURITY - EVENT: ANOMALY_DETECTED | DETAILS: Score: 0.80, Types: sequential | GUILD: 1512695207206981766 | USER: 1510854558929125416
2026-06-08 13:56:23 - SECURITY - EVENT: ANOMALY_DETECTED | DETAILS: Score: 0.80, Types: sequential | GUILD: 1512695207206981766 | USER: 1510854558929125416
2026-06-08 13:56:23 - SECURITY - EVENT: ANOMALY_DETECTED | DETAILS: Score: 0.80, Types: sequential | GUILD: 1512695207206981766 | USER: 1510854558929125416
2026-06-08 13:56:23 - SECURITY - EVENT: ANOMALY_DETECTED | DETAILS: Score: 0.80, Types: sequential | GUILD: 1512695207206981766 | USER: 1510854558929125416
2026-06-08 13:56:23 - SECURITY - EVENT: ANOMALY_DETECTED | DETAILS: Score: 0.80, Types: sequential | GUILD: 1512695207206981766 | USER: 1510854558929125416
2026-06-08 13:56:23 - SECURITY - EVENT: ANOMALY_DETECTED | DETAILS: Score: 0.80, Types: sequential | GUILD: 1512695207206981766 | USER: 1510854558929125416
2026-06-08 13:56:23 - SECURITY - EVENT: ANOMALY_DETECTED | DETAILS: Score: 0.80, Types: sequential | GUILD: 1512695207206981766 | USER: 1510854558929125416
2026-06-08 13:56:23 - SECURITY - EVENT: ANOMALY_DETECTED | DETAILS: Score: 0.80, Types: sequential | GUILD: 1512695207206981766 | USER: 1510854558929125416
2026-06-08 13:56:23 - SECURITY - EVENT: ANOMALY_DETECTED | DETAILS: Score: 0.80, Types: sequential | GUILD: 1512695207206981766 | USER: 1510854558929125416
2026-06-08 13:56:23 - SECURITY - EVENT: ANOMALY_DETECTED | DETAILS: Score: 0.80, Types: sequential | GUILD: 1512695207206981766 | USER: 1510854558929125416
2026-06-08 13:56:23 - SECURITY - EVENT: ANOMALY_DETECTED | DETAILS: Score: 0.80, Types: sequential | GUILD: 1512695207206981766 | USER: 1510854558929125416
2026-06-08 13:56:23 - SECURITY - EVENT: ANOMALY_DETECTED | DETAILS: Score: 0.80, Types: sequential | GUILD: 1512695207206981766 | USER: 1510854558929125416
2026-06-08 13:56:23 - SECURITY - EVENT: ANOMALY_DETECTED | DETAILS: Score: 0.80, Types: sequential | GUILD: 1512695207206981766 | USER: 1510854558929125416
2026-06-08 13:56:23 - SECURITY - EVENT: ANOMALY_DETECTED | DETAILS: Score: 0.80, Types: sequential | GUILD: 1512695207206981766 | USER: 1510854558929125416
2026-06-08 13:56:23 - SECURITY - EVENT: ANOMALY_DETECTED | DETAILS: Score: 0.80, Types: sequential | GUILD: 1512695207206981766 | USER: 1510854558929125416
2026-06-08 13:56:23 - SECURITY - EVENT: ANOMALY_DETECTED | DETAILS: Score: 0.80, Types: sequential | GUILD: 1512695207206981766 | USER: 1510854558929125416
2026-06-08 13:56:23 - SECURITY - EVENT: ANOMALY_DETECTED | DETAILS: Score: 0.80, Types: sequential | GUILD: 1512695207206981766 | USER: 1510854558929125416
2026-06-08 13:56:23 - SECURITY - EVENT: ANOMALY_DETECTED | DETAILS: Score: 0.80, Types: sequential | GUILD: 1512695207206981766 | USER: 1510854558929125416
2026-06-08 13:56:23 - SECURITY - EVENT: ANOMALY_DETECTED | DETAILS: Score: 0.80, Types: sequential | GUILD: 1512695207206981766 | USER: 1510854558929125416
2026-06-08 13:56:23 - SECURITY - EVENT: ANOMALY_DETECTED | DETAILS: Score: 0.80, Types: sequential | GUILD: 1512695207206981766 | USER: 1510854558929125416
2026-06-08 13:56:23 - SECURITY - EVENT: ANOMALY_DETECTED | DETAILS: Score: 0.80, Types: sequential | GUILD: 1512695207206981766 | USER: 1510854558929125416
2026-06-08 13:56:23 - SECURITY - EVENT: ANOMALY_DETECTED | DETAILS: Score: 0.80, Types: sequential | GUILD: 1512695207206981766 | USER: 1510854558929125416
2026-06-08 13:56:23 - SECURITY - EVENT: ANOMALY_DETECTED | DETAILS: Score: 0.80, Types: sequential | GUILD: 1512695207206981766 | USER: 1510854558929125416
2026-06-08 13:56:23 - SECURITY - EVENT: ANOMALY_DETECTED | DETAILS: Score: 0.80, Types: sequential | GUILD: 1512695207206981766 | USER: 1510854558929125416
2026-06-08 13:56:23 - SECURITY - EVENT: ANOMALY_DETECTED | DETAILS: Score: 0.80, Types: sequential | GUILD: 1512695207206981766 | USER: 1510854558929125416
2026-06-08 13:56:23 - SECURITY - EVENT: ANOMALY_DETECTED | DETAILS: Score: 0.80, Types: sequential | GUILD: 1512695207206981766 | USER: 1510854558929125416
2026-06-08 13:56:23 - SECURITY - EVENT: ANOMALY_DETECTED | DETAILS: Score: 0.80, Types: sequential | GUILD: 1512695207206981766 | USER: 1510854558929125416
2026-06-08 13:56:23 - SECURITY - EVENT: ANOMALY_DETECTED | DETAILS: Score: 0.80, Types: sequential | GUILD: 1512695207206981766 | USER: 1510854558929125416
2026-06-08 13:56:23 - SECURITY - EVENT: ANOMALY_DETECTED | DETAILS: Score: 0.80, Types: sequential | GUILD: 1512695207206981766 | USER: 1510854558929125416
2026-06-08 13:56:23 - SECURITY - EVENT: ANOMALY_DETECTED | DETAILS: Score: 0.80, Types: sequential | GUILD: 1512695207206981766 | USER: 1510854558929125416
2026-06-08 13:56:23 - SECURITY - EVENT: ANOMALY_DETECTED | DETAILS: Score: 0.80, Types: sequential | GUILD: 1512695207206981766 | USER: 1510854558929125416
2026-06-08 13:56:23 - SECURITY - EVENT: ANOMALY_DETECTED | DETAILS: Score: 0.80, Types: sequential | GUILD: 1512695207206981766 | USER: 1510854558929125416
2026-06-08 13:56:23 - SECURITY - EVENT: ANOMALY_DETECTED | DETAILS: Score: 0.80, Types: sequential | GUILD: 1512695207206981766 | USER: 1510854558929125416
2026-06-08 13:56:23 - SECURITY - EVENT: ANOMALY_DETECTED | DETAILS: Score: 0.80, Types: sequential | GUILD: 1512695207206981766 | USER: 1510854558929125416
2026-06-08 13:56:23 - SECURITY - EVENT: ANOMALY_DETECTED | DETAILS: Score: 0.80, Types: sequential | GUILD: 1512695207206981766 | USER: 1510854558929125416
2026-06-08 13:57:19 - SECURITY - EVENT: ZERO_TRUST_DENY | DETAILS: Action channel_delete denied for user 1510854558929125416 | GUILD: 1512695207206981766 | USER: 1510854558929125416
2026-06-08 13:57:19 - SECURITY - EVENT: ZERO_TRUST_DENY | DETAILS: Action channel_delete denied for user 1510854558929125416 | GUILD: 1512695207206981766 | USER: 1510854558929125416
2026-06-08 13:57:19 - SECURITY - EVENT: ZERO_TRUST_DENY | DETAILS: Action channel_delete denied for user 1510854558929125416 | GUILD: 1512695207206981766 | USER: 1510854558929125416
2026-06-08 13:57:19 - SECURITY - EVENT: ZERO_TRUST_DENY | DETAILS: Action channel_delete denied for user 1510854558929125416 | GUILD: 1512695207206981766 | USER: 1510854558929125416
2026-06-08 13:57:19 - SECURITY - EVENT: ZERO_TRUST_DENY | DETAILS: Action channel_delete denied for user 1510854558929125416 | GUILD: 1512695207206981766 | USER: 1510854558929125416
2026-06-08 13:57:19 - SECURITY - EVENT: ZERO_TRUST_DENY | DETAILS: Action channel_delete denied for user 1510854558929125416 | GUILD: 1512695207206981766 | USER: 1510854558929125416
2026-06-08 13:57:19 - SECURITY - EVENT: ZERO_TRUST_DENY | DETAILS: Action channel_delete denied for user 1510854558929125416 | GUILD: 1512695207206981766 | USER: 1510854558929125416
2026-06-08 13:57:19 - SECURITY - EVENT: ZERO_TRUST_DENY | DETAILS: Action channel_delete denied for user 1510854558929125416 | GUILD: 1512695207206981766 | USER: 1510854558929125416
2026-06-08 13:57:20 - SECURITY - EVENT: ZERO_TRUST_DENY | DETAILS: Action channel_delete denied for user 1510854558929125416 | GUILD: 1512695207206981766 | USER: 1510854558929125416
2026-06-08 13:57:20 - SECURITY - EVENT: ZERO_TRUST_DENY | DETAILS: Action channel_delete denied for user 1510854558929125416 | GUILD: 1512695207206981766 | USER: 1510854558929125416
2026-06-08 13:57:20 - SECURITY - EVENT: ZERO_TRUST_DENY | DETAILS: Action channel_delete denied for user 1510854558929125416 | GUILD: 1512695207206981766 | USER: 1510854558929125416
2026-06-08 13:57:20 - SECURITY - EVENT: ZERO_TRUST_DENY | DETAILS: Action channel_delete denied for user 1510854558929125416 | GUILD: 1512695207206981766 | USER: 1510854558929125416
2026-06-08 13:57:20 - SECURITY - EVENT: ZERO_TRUST_DENY | DETAILS: Action channel_delete denied for user 1510854558929125416 | GUILD: 1512695207206981766 | USER: 1510854558929125416
2026-06-08 13:57:20 - SECURITY - EVENT: ZERO_TRUST_DENY | DETAILS: Action channel_delete denied for user 1510854558929125416 | GUILD: 1512695207206981766 | USER: 1510854558929125416
2026-06-08 13:57:20 - SECURITY - EVENT: ZERO_TRUST_DENY | DETAILS: Action channel_delete denied for user 1510854558929125416 | GUILD: 1512695207206981766 | USER: 1510854558929125416
2026-06-08 13:57:20 - SECURITY - EVENT: ZERO_TRUST_DENY | DETAILS: Action channel_delete denied for user 1510854558929125416 | GUILD: 1512695207206981766 | USER: 1510854558929125416
2026-06-08 13:57:20 - SECURITY - EVENT: ZERO_TRUST_DENY | DETAILS: Action channel_delete denied for user 1510854558929125416 | GUILD: 1512695207206981766 | USER: 1510854558929125416
2026-06-08 13:57:20 - SECURITY - EVENT: ZERO_TRUST_DENY | DETAILS: Action channel_delete denied for user 1510854558929125416 | GUILD: 1512695207206981766 | USER: 1510854558929125416
2026-06-08 13:57:20 - SECURITY - EVENT: ZERO_TRUST_DENY | DETAILS: Action channel_delete denied for user 1510854558929125416 | GUILD: 1512695207206981766 | USER: 1510854558929125416
2026-06-08 13:57:20 - SECURITY - EVENT: ZERO_TRUST_DENY | DETAILS: Action channel_delete denied for user 1510854558929125416 | GUILD: 1512695207206981766 | USER: 1510854558929125416
2026-06-08 13:57:20 - SECURITY - EVENT: ZERO_TRUST_DENY | DETAILS: Action channel_delete denied for user 1510854558929125416 | GUILD: 1512695207206981766 | USER: 1510854558929125416
2026-06-08 13:57:20 - SECURITY - EVENT: ZERO_TRUST_DENY | DETAILS: Action channel_delete denied for user 1510854558929125416 | GUILD: 1512695207206981766 | USER: 1510854558929125416
2026-06-08 13:57:20 - SECURITY - EVENT: ZERO_TRUST_DENY | DETAILS: Action channel_delete denied for user 1510854558929125416 | GUILD: 1512695207206981766 | USER: 1510854558929125416
2026-06-08 13:57:20 - SECURITY - EVENT: ZERO_TRUST_DENY | DETAILS: Action channel_delete denied for user 1510854558929125416 | GUILD: 1512695207206981766 | USER: 1510854558929125416
2026-06-08 13:57:20 - SECURITY - EVENT: ZERO_TRUST_DENY | DETAILS: Action channel_delete denied for user 1510854558929125416 | GUILD: 1512695207206981766 | USER: 1510854558929125416
2026-06-08 13:57:20 - SECURITY - EVENT: ZERO_TRUST_DENY | DETAILS: Action channel_delete denied for user 1510854558929125416 | GUILD: 1512695207206981766 | USER: 1510854558929125416
2026-06-08 13:57:20 - SECURITY - EVENT: ZERO_TRUST_DENY | DETAILS: Action channel_delete denied for user 1510854558929125416 | GUILD: 1512695207206981766 | USER: 1510854558929125416
2026-06-08 13:57:20 - SECURITY - EVENT: ZERO_TRUST_DENY | DETAILS: Action channel_delete denied for user 1510854558929125416 | GUILD: 1512695207206981766 | USER: 1510854558929125416
2026-06-08 13:57:20 - SECURITY - EVENT: ZERO_TRUST_DENY | DETAILS: Action channel_delete denied for user 1510854558929125416 | GUILD: 1512695207206981766 | USER: 1510854558929125416
2026-06-08 13:57:20 - SECURITY - EVENT: ZERO_TRUST_DENY | DETAILS: Action channel_delete denied for user 1510854558929125416 | GUILD: 1512695207206981766 | USER: 1510854558929125416
2026-06-08 13:57:20 - SECURITY - EVENT: ZERO_TRUST_DENY | DETAILS: Action channel_delete denied for user 1510854558929125416 | GUILD: 1512695207206981766 | USER: 1510854558929125416
2026-06-08 13:57:20 - SECURITY - EVENT: ZERO_TRUST_DENY | DETAILS: Action channel_delete denied for user 1510854558929125416 | GUILD: 1512695207206981766 | USER: 1510854558929125416
2026-06-08 13:57:20 - SECURITY - EVENT: ZERO_TRUST_DENY | DETAILS: Action channel_delete denied for user 1510854558929125416 | GUILD: 1512695207206981766 | USER: 1510854558929125416
2026-06-08 13:57:20 - SECURITY - EVENT: ZERO_TRUST_DENY | DETAILS: Action channel_delete denied for user 1510854558929125416 | GUILD: 1512695207206981766 | USER: 1510854558929125416
2026-06-08 13:57:20 - SECURITY - EVENT: ZERO_TRUST_DENY | DETAILS: Action channel_delete denied for user 1510854558929125416 | GUILD: 1512695207206981766 | USER: 1510854558929125416
2026-06-08 13:57:20 - SECURITY - EVENT: ZERO_TRUST_DENY | DETAILS: Action channel_delete denied for user 1510854558929125416 | GUILD: 1512695207206981766 | USER: 1510854558929125416
2026-06-08 13:57:20 - SECURITY - EVENT: ZERO_TRUST_DENY | DETAILS: Action channel_delete denied for user 1510854558929125416 | GUILD: 1512695207206981766 | USER: 1510854558929125416
2026-06-08 13:57:20 - SECURITY - EVENT: ZERO_TRUST_DENY | DETAILS: Action channel_delete denied for user 1510854558929125416 | GUILD: 1512695207206981766 | USER: 1510854558929125416
2026-06-08 13:57:20 - SECURITY - EVENT: ZERO_TRUST_DENY | DETAILS: Action channel_delete denied for user 1510854558929125416 | GUILD: 1512695207206981766 | USER: 1510854558929125416
2026-06-08 13:57:20 - SECURITY - EVENT: ZERO_TRUST_DENY | DETAILS: Action channel_delete denied for user 1510854558929125416 | GUILD: 1512695207206981766 | USER: 1510854558929125416
2026-06-08 13:57:20 - SECURITY - EVENT: ZERO_TRUST_DENY | DETAILS: Action channel_delete denied for user 1510854558929125416 | GUILD: 1512695207206981766 | USER: 1510854558929125416
2026-06-08 13:57:20 - SECURITY - EVENT: ZERO_TRUST_DENY | DETAILS: Action channel_delete denied for user 1510854558929125416 | GUILD: 1512695207206981766 | USER: 1510854558929125416
2026-06-08 13:57:20 - SECURITY - EVENT: ZERO_TRUST_DENY | DETAILS: Action channel_delete denied for user 1510854558929125416 | GUILD: 1512695207206981766 | USER: 1510854558929125416
2026-06-08 13:57:20 - SECURITY - EVENT: ZERO_TRUST_DENY | DETAILS: Action channel_delete denied for user 1510854558929125416 | GUILD: 1512695207206981766 | USER: 1510854558929125416
2026-06-08 13:57:20 - SECURITY - EVENT: ZERO_TRUST_DENY | DETAILS: Action channel_delete denied for user 1510854558929125416 | GUILD: 1512695207206981766 | USER: 1510854558929125416
2026-06-08 13:57:20 - SECURITY - EVENT: ZERO_TRUST_DENY | DETAILS: Action channel_delete denied for user 1510854558929125416 | GUILD: 1512695207206981766 | USER: 1510854558929125416
2026-06-08 13:57:20 - SECURITY - EVENT: ZERO_TRUST_DENY | DETAILS: Action channel_delete denied for user 1510854558929125416 | GUILD: 1512695207206981766 | USER: 1510854558929125416
2026-06-08 13:57:20 - SECURITY - EVENT: ZERO_TRUST_DENY | DETAILS: Action channel_delete denied for user 1510854558929125416 | GUILD: 1512695207206981766 | USER: 1510854558929125416
2026-06-08 13:57:20 - SECURITY - EVENT: ZERO_TRUST_DENY | DETAILS: Action channel_delete denied for user 1510854558929125416 | GUILD: 1512695207206981766 | USER: 1510854558929125416
2026-06-08 13:57:20 - SECURITY - EVENT: ZERO_TRUST_DENY | DETAILS: Action channel_delete denied for user 1510854558929125416 | GUILD: 1512695207206981766 | USER: 1510854558929125416
2026-06-08 13:57:21 - SECURITY - EVENT: ANOMALY_DETECTED | DETAILS: Score: 0.80, Types: sequential | GUILD: 1512695207206981766 | USER: 1510854558929125416
2026-06-08 13:57:21 - SECURITY - EVENT: ANOMALY_DETECTED | DETAILS: Score: 0.80, Types: sequential | GUILD: 1512695207206981766 | USER: 1510854558929125416
2026-06-08 13:57:21 - SECURITY - EVENT: ANOMALY_DETECTED | DETAILS: Score: 0.80, Types: sequential | GUILD: 1512695207206981766 | USER: 1510854558929125416
2026-06-08 13:57:21 - SECURITY - EVENT: ANOMALY_DETECTED | DETAILS: Score: 0.80, Types: sequential | GUILD: 1512695207206981766 | USER: 1510854558929125416
2026-06-08 13:57:21 - SECURITY - EVENT: ANOMALY_DETECTED | DETAILS: Score: 0.80, Types: sequential | GUILD: 1512695207206981766 | USER: 1510854558929125416
2026-06-08 13:57:21 - SECURITY - EVENT: ANOMALY_DETECTED | DETAILS: Score: 0.80, Types: sequential | GUILD: 1512695207206981766 | USER: 1510854558929125416
2026-06-08 13:57:21 - SECURITY - EVENT: ANOMALY_DETECTED | DETAILS: Score: 0.80, Types: sequential | GUILD: 1512695207206981766 | USER: 1510854558929125416
2026-06-08 13:57:21 - SECURITY - EVENT: ANOMALY_DETECTED | DETAILS: Score: 0.80, Types: sequential | GUILD: 1512695207206981766 | USER: 1510854558929125416
2026-06-08 13:57:21 - SECURITY - EVENT: ANOMALY_DETECTED | DETAILS: Score: 0.80, Types: sequential | GUILD: 1512695207206981766 | USER: 1510854558929125416
2026-06-08 13:57:21 - SECURITY - EVENT: ANOMALY_DETECTED | DETAILS: Score: 0.80, Types: sequential | GUILD: 1512695207206981766 | USER: 1510854558929125416
2026-06-08 13:57:21 - SECURITY - EVENT: ANOMALY_DETECTED | DETAILS: Score: 0.80, Types: sequential | GUILD: 1512695207206981766 | USER: 1510854558929125416
2026-06-08 13:57:21 - SECURITY - EVENT: ANOMALY_DETECTED | DETAILS: Score: 0.80, Types: sequential | GUILD: 1512695207206981766 | USER: 1510854558929125416
2026-06-08 13:57:22 - SECURITY - EVENT: ANOMALY_DETECTED | DETAILS: Score: 0.80, Types: sequential | GUILD: 1512695207206981766 | USER: 1510854558929125416
2026-06-08 13:57:22 - SECURITY - EVENT: ANOMALY_DETECTED | DETAILS: Score: 0.80, Types: sequential | GUILD: 1512695207206981766 | USER: 1510854558929125416
2026-06-08 13:57:22 - SECURITY - EVENT: ANOMALY_DETECTED | DETAILS: Score: 0.80, Types: sequential | GUILD: 1512695207206981766 | USER: 1510854558929125416
2026-06-08 13:57:22 - SECURITY - EVENT: ANOMALY_DETECTED | DETAILS: Score: 0.80, Types: sequential | GUILD: 1512695207206981766 | USER: 1510854558929125416
2026-06-08 13:57:22 - SECURITY - EVENT: ANOMALY_DETECTED | DETAILS: Score: 0.80, Types: sequential | GUILD: 1512695207206981766 | USER: 1510854558929125416
2026-06-08 13:57:22 - SECURITY - EVENT: ANOMALY_DETECTED | DETAILS: Score: 0.80, Types: sequential | GUILD: 1512695207206981766 | USER: 1510854558929125416
2026-06-08 13:57:22 - SECURITY - EVENT: ANOMALY_DETECTED | DETAILS: Score: 0.80, Types: sequential | GUILD: 1512695207206981766 | USER: 1510854558929125416
2026-06-08 13:57:22 - SECURITY - EVENT: ANOMALY_DETECTED | DETAILS: Score: 0.80, Types: sequential | GUILD: 1512695207206981766 | USER: 1510854558929125416
2026-06-08 13:57:22 - SECURITY - EVENT: ANOMALY_DETECTED | DETAILS: Score: 0.80, Types: sequential | GUILD: 1512695207206981766 | USER: 1510854558929125416
2026-06-08 13:57:22 - SECURITY - EVENT: ANOMALY_DETECTED | DETAILS: Score: 0.80, Types: sequential | GUILD: 1512695207206981766 | USER: 1510854558929125416
2026-06-08 13:57:22 - SECURITY - EVENT: ANOMALY_DETECTED | DETAILS: Score: 0.80, Types: sequential | GUILD: 1512695207206981766 | USER: 1510854558929125416
2026-06-08 13:57:22 - SECURITY - EVENT: ANOMALY_DETECTED | DETAILS: Score: 0.80, Types: sequential | GUILD: 1512695207206981766 | USER: 1510854558929125416
2026-06-08 13:57:22 - SECURITY - EVENT: ANOMALY_DETECTED | DETAILS: Score: 0.80, Types: sequential | GUILD: 1512695207206981766 | USER: 1510854558929125416
2026-06-08 13:57:22 - SECURITY - EVENT: ANOMALY_DETECTED | DETAILS: Score: 0.80, Types: sequential | GUILD: 1512695207206981766 | USER: 1510854558929125416
2026-06-08 13:57:22 - SECURITY - EVENT: ANOMALY_DETECTED | DETAILS: Score: 0.80, Types: sequential | GUILD: 1512695207206981766 | USER: 1510854558929125416
2026-06-08 13:57:22 - SECURITY - EVENT: ANOMALY_DETECTED | DETAILS: Score: 0.80, Types: sequential | GUILD: 1512695207206981766 | USER: 1510854558929125416
2026-06-08 13:57:22 - SECURITY - EVENT: ANOMALY_DETECTED | DETAILS: Score: 0.80, Types: sequential | GUILD: 1512695207206981766 | USER: 1510854558929125416
2026-06-08 13:57:22 - SECURITY - EVENT: ANOMALY_DETECTED | DETAILS: Score: 0.80, Types: sequential | GUILD: 1512695207206981766 | USER: 1510854558929125416
2026-06-08 13:57:22 - SECURITY - EVENT: ANOMALY_DETECTED | DETAILS: Score: 0.80, Types: sequential | GUILD: 1512695207206981766 | USER: 1510854558929125416
2026-06-08 13:57:22 - SECURITY - EVENT: ANOMALY_DETECTED | DETAILS: Score: 0.80, Types: sequential | GUILD: 1512695207206981766 | USER: 1510854558929125416
2026-06-08 13:57:22 - SECURITY - EVENT: ANOMALY_DETECTED | DETAILS: Score: 0.80, Types: sequential | GUILD: 1512695207206981766 | USER: 1510854558929125416
2026-06-08 13:57:22 - SECURITY - EVENT: ANOMALY_DETECTED | DETAILS: Score: 0.80, Types: sequential | GUILD: 1512695207206981766 | USER: 1510854558929125416
2026-06-08 13:57:22 - SECURITY - EVENT: ANOMALY_DETECTED | DETAILS: Score: 0.80, Types: sequential | GUILD: 1512695207206981766 | USER: 1510854558929125416
2026-06-08 13:57:22 - SECURITY - EVENT: ANOMALY_DETECTED | DETAILS: Score: 0.80, Types: sequential | GUILD: 1512695207206981766 | USER: 1510854558929125416
2026-06-08 13:57:22 - SECURITY - EVENT: ANOMALY_DETECTED | DETAILS: Score: 0.80, Types: sequential | GUILD: 1512695207206981766 | USER: 1510854558929125416
2026-06-08 13:57:22 - SECURITY - EVENT: ANOMALY_DETECTED | DETAILS: Score: 0.80, Types: sequential | GUILD: 1512695207206981766 | USER: 1510854558929125416
2026-06-08 13:57:22 - SECURITY - EVENT: ANOMALY_DETECTED | DETAILS: Score: 0.80, Types: sequential | GUILD: 1512695207206981766 | USER: 1510854558929125416
2026-06-08 13:57:22 - SECURITY - EVENT: ANOMALY_DETECTED | DETAILS: Score: 0.80, Types: sequential | GUILD: 1512695207206981766 | USER: 1510854558929125416
2026-06-08 13:57:22 - SECURITY - EVENT: ANOMALY_DETECTED | DETAILS: Score: 0.80, Types: sequential | GUILD: 1512695207206981766 | USER: 1510854558929125416
2026-06-08 13:57:22 - SECURITY - EVENT: ANOMALY_DETECTED | DETAILS: Score: 0.80, Types: sequential | GUILD: 1512695207206981766 | USER: 1510854558929125416
2026-06-08 13:57:22 - SECURITY - EVENT: ANOMALY_DETECTED | DETAILS: Score: 0.80, Types: sequential | GUILD: 1512695207206981766 | USER: 1510854558929125416
2026-06-08 13:57:22 - SECURITY - EVENT: ANOMALY_DETECTED | DETAILS: Score: 0.80, Types: sequential | GUILD: 1512695207206981766 | USER: 1510854558929125416
2026-06-08 13:57:22 - SECURITY - EVENT: ANOMALY_DETECTED | DETAILS: Score: 0.80, Types: sequential | GUILD: 1512695207206981766 | USER: 1510854558929125416
2026-06-08 13:57:22 - SECURITY - EVENT: ANOMALY_DETECTED | DETAILS: Score: 0.80, Types: sequential | GUILD: 1512695207206981766 | USER: 1510854558929125416
2026-06-08 13:57:22 - SECURITY - EVENT: ANOMALY_DETECTED | DETAILS: Score: 0.80, Types: sequential | GUILD: 1512695207206981766 | USER: 1510854558929125416
2026-06-08 13:57:22 - SECURITY - EVENT: ANOMALY_DETECTED | DETAILS: Score: 0.80, Types: sequential | GUILD: 1512695207206981766 | USER: 1510854558929125416
2026-06-08 13:57:22 - SECURITY - EVENT: ANOMALY_DETECTED | DETAILS: Score: 0.80, Types: sequential | GUILD: 1512695207206981766 | USER: 1510854558929125416
2026-06-08 13:57:22 - SECURITY - EVENT: ANOMALY_DETECTED | DETAILS: Score: 0.80, Types: sequential | GUILD: 1512695207206981766 | USER: 1510854558929125416
2026-06-08 13:57:22 - SECURITY - EVENT: ANOMALY_DETECTED | DETAILS: Score: 0.80, Types: sequential | GUILD: 1512695207206981766 | USER: 1510854558929125416
2026-06-08 13:57:22 - SECURITY - EVENT: ANOMALY_DETECTED | DETAILS: Score: 0.80, Types: sequential | GUILD: 1512695207206981766 | USER: 1510854558929125416
2026-06-08 13:57:22 - SECURITY - EVENT: ANOMALY_DETECTED | DETAILS: Score: 0.80, Types: sequential | GUILD: 1512695207206981766 | USER: 1510854558929125416
2026-06-08 13:57:22 - SECURITY - EVENT: ANOMALY_DETECTED | DETAILS: Score: 0.80, Types: sequential | GUILD: 1512695207206981766 | USER: 1510854558929125416
2026-06-08 13:57:22 - SECURITY - EVENT: ANOMALY_DETECTED | DETAILS: Score: 0.80, Types: sequential | GUILD: 1512695207206981766 | USER: 1510854558929125416
2026-06-08 13:57:22 - SECURITY - EVENT: ANOMALY_DETECTED | DETAILS: Score: 0.80, Types: sequential | GUILD: 1512695207206981766 | USER: 1510854558929125416
2026-06-08 13:57:22 - SECURITY - EVENT: ANOMALY_DETECTED | DETAILS: Score: 0.80, Types: sequential | GUILD: 1512695207206981766 | USER: 1510854558929125416
2026-06-08 13:57:22 - SECURITY - EVENT: ANOMALY_DETECTED | DETAILS: Score: 0.80, Types: sequential | GUILD: 1512695207206981766 | USER: 1510854558929125416
2026-06-08 13:57:22 - SECURITY - EVENT: ANOMALY_DETECTED | DETAILS: Score: 0.80, Types: sequential | GUILD: 1512695207206981766 | USER: 1510854558929125416
2026-06-08 13:57:22 - SECURITY - EVENT: ANOMALY_DETECTED | DETAILS: Score: 0.80, Types: sequential | GUILD: 1512695207206981766 | USER: 1510854558929125416
2026-06-08 13:57:22 - SECURITY - EVENT: ANOMALY_DETECTED | DETAILS: Score: 0.80, Types: sequential | GUILD: 1512695207206981766 | USER: 1510854558929125416
2026-06-08 13:57:22 - SECURITY - EVENT: ANOMALY_DETECTED | DETAILS: Score: 0.80, Types: sequential | GUILD: 1512695207206981766 | USER: 1510854558929125416
2026-06-08 13:57:22 - SECURITY - EVENT: ANOMALY_DETECTED | DETAILS: Score: 0.80, Types: sequential | GUILD: 1512695207206981766 | USER: 1510854558929125416
2026-06-08 13:57:22 - SECURITY - EVENT: ANOMALY_DETECTED | DETAILS: Score: 0.80, Types: sequential | GUILD: 1512695207206981766 | USER: 1510854558929125416
2026-06-08 13:57:22 - SECURITY - EVENT: ANOMALY_DETECTED | DETAILS: Score: 0.80, Types: sequential | GUILD: 1512695207206981766 | USER: 1510854558929125416
2026-06-08 13:57:22 - SECURITY - EVENT: ANOMALY_DETECTED | DETAILS: Score: 0.80, Types: sequential | GUILD: 1512695207206981766 | USER: 1510854558929125416
2026-06-08 13:57:22 - SECURITY - EVENT: ANOMALY_DETECTED | DETAILS: Score: 0.80, Types: sequential | GUILD: 1512695207206981766 | USER: 1510854558929125416
2026-06-08 13:57:22 - SECURITY - EVENT: ANOMALY_DETECTED | DETAILS: Score: 0.80, Types: sequential | GUILD: 1512695207206981766 | USER: 1510854558929125416
2026-06-08 13:57:22 - SECURITY - EVENT: ANOMALY_DETECTED | DETAILS: Score: 0.80, Types: sequential | GUILD: 1512695207206981766 | USER: 1510854558929125416
2026-06-08 13:57:22 - SECURITY - EVENT: ANOMALY_DETECTED | DETAILS: Score: 0.80, Types: sequential | GUILD: 1512695207206981766 | USER: 1510854558929125416
2026-06-08 13:57:22 - SECURITY - EVENT: ANOMALY_DETECTED | DETAILS: Score: 0.80, Types: sequential | GUILD: 1512695207206981766 | USER: 1510854558929125416
2026-06-08 13:57:22 - SECURITY - EVENT: ANOMALY_DETECTED | DETAILS: Score: 0.80, Types: sequential | GUILD: 1512695207206981766 | USER: 1510854558929125416
2026-06-08 13:57:22 - SECURITY - EVENT: ANOMALY_DETECTED | DETAILS: Score: 0.80, Types: sequential | GUILD: 1512695207206981766 | USER: 1510854558929125416
2026-06-08 13:57:22 - SECURITY - EVENT: ANOMALY_DETECTED | DETAILS: Score: 0.80, Types: sequential | GUILD: 1512695207206981766 | USER: 1510854558929125416
2026-06-08 13:57:22 - SECURITY - EVENT: ANOMALY_DETECTED | DETAILS: Score: 0.80, Types: sequential | GUILD: 1512695207206981766 | USER: 1510854558929125416
2026-06-08 13:57:22 - SECURITY - EVENT: ANOMALY_DETECTED | DETAILS: Score: 0.80, Types: sequential | GUILD: 1512695207206981766 | USER: 1510854558929125416
2026-06-08 13:57:22 - SECURITY - EVENT: ANOMALY_DETECTED | DETAILS: Score: 0.80, Types: sequential | GUILD: 1512695207206981766 | USER: 1510854558929125416
2026-06-08 13:57:22 - SECURITY - EVENT: ANOMALY_DETECTED | DETAILS: Score: 0.80, Types: sequential | GUILD: 1512695207206981766 | USER: 1510854558929125416
2026-06-08 13:57:22 - SECURITY - EVENT: ANOMALY_DETECTED | DETAILS: Score: 0.80, Types: sequential | GUILD: 1512695207206981766 | USER: 1510854558929125416
2026-06-08 13:57:22 - SECURITY - EVENT: ANOMALY_DETECTED | DETAILS: Score: 0.80, Types: sequential | GUILD: 1512695207206981766 | USER: 1510854558929125416
2026-06-08 13:57:22 - SECURITY - EVENT: ANOMALY_DETECTED | DETAILS: Score: 0.80, Types: sequential | GUILD: 1512695207206981766 | USER: 1510854558929125416
2026-06-08 13:57:22 - SECURITY - EVENT: ANOMALY_DETECTED | DETAILS: Score: 0.80, Types: sequential | GUILD: 1512695207206981766 | USER: 1510854558929125416
2026-06-08 13:57:22 - SECURITY - EVENT: ANOMALY_DETECTED | DETAILS: Score: 0.80, Types: sequential | GUILD: 1512695207206981766 | USER: 1510854558929125416
2026-06-08 13:57:22 - SECURITY - EVENT: ANOMALY_DETECTED | DETAILS: Score: 0.80, Types: sequential | GUILD: 1512695207206981766 | USER: 1510854558929125416
2026-06-08 13:57:22 - SECURITY - EVENT: ANOMALY_DETECTED | DETAILS: Score: 0.80, Types: sequential | GUILD: 1512695207206981766 | USER: 1510854558929125416
2026-06-08 13:57:22 - SECURITY - EVENT: ANOMALY_DETECTED | DETAILS: Score: 0.80, Types: sequential | GUILD: 1512695207206981766 | USER: 1510854558929125416
2026-06-08 13:57:22 - SECURITY - EVENT: ANOMALY_DETECTED | DETAILS: Score: 0.80, Types: sequential | GUILD: 1512695207206981766 | USER: 1510854558929125416
2026-06-08 13:57:22 - SECURITY - EVENT: ANOMALY_DETECTED | DETAILS: Score: 0.80, Types: sequential | GUILD: 1512695207206981766 | USER: 1510854558929125416
2026-06-08 13:57:22 - SECURITY - EVENT: ANOMALY_DETECTED | DETAILS: Score: 0.80, Types: sequential | GUILD: 1512695207206981766 | USER: 1510854558929125416
2026-06-08 13:57:22 - SECURITY - EVENT: ANOMALY_DETECTED | DETAILS: Score: 0.80, Types: sequential | GUILD: 1512695207206981766 | USER: 1510854558929125416
2026-06-08 13:57:22 - SECURITY - EVENT: ANOMALY_DETECTED | DETAILS: Score: 0.80, Types: sequential | GUILD: 1512695207206981766 | USER: 1510854558929125416
2026-06-08 13:57:22 - SECURITY - EVENT: ANOMALY_DETECTED | DETAILS: Score: 0.80, Types: sequential | GUILD: 1512695207206981766 | USER: 1510854558929125416
2026-06-08 13:57:22 - SECURITY - EVENT: ANOMALY_DETECTED | DETAILS: Score: 0.80, Types: sequential | GUILD: 1512695207206981766 | USER: 1510854558929125416
2026-06-08 13:57:22 - SECURITY - EVENT: ANOMALY_DETECTED | DETAILS: Score: 0.80, Types: sequential | GUILD: 1512695207206981766 | USER: 1510854558929125416
2026-06-08 13:57:22 - SECURITY - EVENT: ANOMALY_DETECTED | DETAILS: Score: 0.80, Types: sequential | GUILD: 1512695207206981766 | USER: 1510854558929125416
2026-06-08 13:57:22 - SECURITY - EVENT: ANOMALY_DETECTED | DETAILS: Score: 0.80, Types: sequential | GUILD: 1512695207206981766 | USER: 1510854558929125416
2026-06-08 13:57:22 - SECURITY - EVENT: ANOMALY_DETECTED | DETAILS: Score: 0.80, Types: sequential | GUILD: 1512695207206981766 | USER: 1510854558929125416
2026-06-08 13:57:22 - SECURITY - EVENT: ANOMALY_DETECTED | DETAILS: Score: 0.80, Types: sequential | GUILD: 1512695207206981766 | USER: 1510854558929125416
2026-06-08 13:57:22 - SECURITY - EVENT: ANOMALY_DETECTED | DETAILS: Score: 0.80, Types: sequential | GUILD: 1512695207206981766 | USER: 1510854558929125416
2026-06-08 13:57:22 - SECURITY - EVENT: ANOMALY_DETECTED | DETAILS: Score: 0.80, Types: sequential | GUILD: 1512695207206981766 | USER: 1510854558929125416
2026-06-08 13:59:14 - SECURITY - EVENT: ZERO_TRUST_DENY | DETAILS: Action channel_delete denied for user 1510854558929125416 | GUILD: 1512695207206981766 | USER: 1510854558929125416
2026-06-08 13:59:14 - SECURITY - EVENT: ZERO_TRUST_DENY | DETAILS: Action channel_delete denied for user 1510854558929125416 | GUILD: 1512695207206981766 | USER: 1510854558929125416
2026-06-08 13:59:14 - SECURITY - EVENT: ZERO_TRUST_DENY | DETAILS: Action channel_delete denied for user 1510854558929125416 | GUILD: 1512695207206981766 | USER: 1510854558929125416
2026-06-08 13:59:14 - SECURITY - EVENT: ZERO_TRUST_DENY | DETAILS: Action channel_delete denied for user 1510854558929125416 | GUILD: 1512695207206981766 | USER: 1510854558929125416
2026-06-08 13:59:14 - SECURITY - EVENT: ZERO_TRUST_DENY | DETAILS: Action channel_delete denied for user 1510854558929125416 | GUILD: 1512695207206981766 | USER: 1510854558929125416
2026-06-08 13:59:14 - SECURITY - EVENT: ZERO_TRUST_DENY | DETAILS: Action channel_delete denied for user 1510854558929125416 | GUILD: 1512695207206981766 | USER: 1510854558929125416
2026-06-08 13:59:14 - SECURITY - EVENT: ZERO_TRUST_DENY | DETAILS: Action channel_delete denied for user 1510854558929125416 | GUILD: 1512695207206981766 | USER: 1510854558929125416
2026-06-08 13:59:14 - SECURITY - EVENT: ZERO_TRUST_DENY | DETAILS: Action channel_delete denied for user 1510854558929125416 | GUILD: 1512695207206981766 | USER: 1510854558929125416
2026-06-08 13:59:14 - SECURITY - EVENT: ZERO_TRUST_DENY | DETAILS: Action channel_delete denied for user 1510854558929125416 | GUILD: 1512695207206981766 | USER: 1510854558929125416
2026-06-08 13:59:14 - SECURITY - EVENT: ZERO_TRUST_DENY | DETAILS: Action channel_delete denied for user 1510854558929125416 | GUILD: 1512695207206981766 | USER: 1510854558929125416
2026-06-08 13:59:14 - SECURITY - EVENT: ZERO_TRUST_DENY | DETAILS: Action channel_delete denied for user 1510854558929125416 | GUILD: 1512695207206981766 | USER: 1510854558929125416
2026-06-08 13:59:14 - SECURITY - EVENT: ZERO_TRUST_DENY | DETAILS: Action channel_delete denied for user 1510854558929125416 | GUILD: 1512695207206981766 | USER: 1510854558929125416
2026-06-08 13:59:14 - SECURITY - EVENT: ZERO_TRUST_DENY | DETAILS: Action channel_delete denied for user 1510854558929125416 | GUILD: 1512695207206981766 | USER: 1510854558929125416
2026-06-08 13:59:15 - SECURITY - EVENT: ZERO_TRUST_DENY | DETAILS: Action channel_delete denied for user 1510854558929125416 | GUILD: 1512695207206981766 | USER: 1510854558929125416
2026-06-08 13:59:15 - SECURITY - EVENT: ZERO_TRUST_DENY | DETAILS: Action channel_delete denied for user 1510854558929125416 | GUILD: 1512695207206981766 | USER: 1510854558929125416
2026-06-08 13:59:15 - SECURITY - EVENT: ZERO_TRUST_DENY | DETAILS: Action channel_delete denied for user 1510854558929125416 | GUILD: 1512695207206981766 | USER: 1510854558929125416
2026-06-08 13:59:15 - SECURITY - EVENT: ZERO_TRUST_DENY | DETAILS: Action channel_delete denied for user 1510854558929125416 | GUILD: 1512695207206981766 | USER: 1510854558929125416
2026-06-08 13:59:15 - SECURITY - EVENT: ZERO_TRUST_DENY | DETAILS: Action channel_delete denied for user 1510854558929125416 | GUILD: 1512695207206981766 | USER: 1510854558929125416
2026-06-08 13:59:15 - SECURITY - EVENT: ZERO_TRUST_DENY | DETAILS: Action channel_delete denied for user 1510854558929125416 | GUILD: 1512695207206981766 | USER: 1510854558929125416
2026-06-08 13:59:15 - SECURITY - EVENT: ZERO_TRUST_DENY | DETAILS: Action channel_delete denied for user 1510854558929125416 | GUILD: 1512695207206981766 | USER: 1510854558929125416
2026-06-08 13:59:15 - SECURITY - EVENT: ZERO_TRUST_DENY | DETAILS: Action channel_delete denied for user 1510854558929125416 | GUILD: 1512695207206981766 | USER: 1510854558929125416
2026-06-08 13:59:15 - SECURITY - EVENT: ZERO_TRUST_DENY | DETAILS: Action channel_delete denied for user 1510854558929125416 | GUILD: 1512695207206981766 | USER: 1510854558929125416
2026-06-08 13:59:15 - SECURITY - EVENT: ZERO_TRUST_DENY | DETAILS: Action channel_delete denied for user 1510854558929125416 | GUILD: 1512695207206981766 | USER: 1510854558929125416
2026-06-08 13:59:15 - SECURITY - EVENT: ZERO_TRUST_DENY | DETAILS: Action channel_delete denied for user 1510854558929125416 | GUILD: 1512695207206981766 | USER: 1510854558929125416
2026-06-08 13:59:15 - SECURITY - EVENT: ZERO_TRUST_DENY | DETAILS: Action channel_delete denied for user 1510854558929125416 | GUILD: 1512695207206981766 | USER: 1510854558929125416
2026-06-08 13:59:15 - SECURITY - EVENT: ZERO_TRUST_DENY | DETAILS: Action channel_delete denied for user 1510854558929125416 | GUILD: 1512695207206981766 | USER: 1510854558929125416
2026-06-08 13:59:15 - SECURITY - EVENT: ZERO_TRUST_DENY | DETAILS: Action channel_delete denied for user 1510854558929125416 | GUILD: 1512695207206981766 | USER: 1510854558929125416
2026-06-08 13:59:15 - SECURITY - EVENT: ZERO_TRUST_DENY | DETAILS: Action channel_delete denied for user 1510854558929125416 | GUILD: 1512695207206981766 | USER: 1510854558929125416
2026-06-08 13:59:15 - SECURITY - EVENT: ZERO_TRUST_DENY | DETAILS: Action channel_delete denied for user 1510854558929125416 | GUILD: 1512695207206981766 | USER: 1510854558929125416
2026-06-08 13:59:15 - SECURITY - EVENT: ZERO_TRUST_DENY | DETAILS: Action channel_delete denied for user 1510854558929125416 | GUILD: 1512695207206981766 | USER: 1510854558929125416
2026-06-08 13:59:15 - SECURITY - EVENT: ZERO_TRUST_DENY | DETAILS: Action channel_delete denied for user 1510854558929125416 | GUILD: 1512695207206981766 | USER: 1510854558929125416
2026-06-08 13:59:15 - SECURITY - EVENT: ZERO_TRUST_DENY | DETAILS: Action channel_delete denied for user 1510854558929125416 | GUILD: 1512695207206981766 | USER: 1510854558929125416
2026-06-08 13:59:15 - SECURITY - EVENT: ZERO_TRUST_DENY | DETAILS: Action channel_delete denied for user 1510854558929125416 | GUILD: 1512695207206981766 | USER: 1510854558929125416
2026-06-08 13:59:15 - SECURITY - EVENT: ZERO_TRUST_DENY | DETAILS: Action channel_delete denied for user 1510854558929125416 | GUILD: 1512695207206981766 | USER: 1510854558929125416
2026-06-08 13:59:15 - SECURITY - EVENT: ZERO_TRUST_DENY | DETAILS: Action channel_delete denied for user 1510854558929125416 | GUILD: 1512695207206981766 | USER: 1510854558929125416
2026-06-08 13:59:15 - SECURITY - EVENT: ZERO_TRUST_DENY | DETAILS: Action channel_delete denied for user 1510854558929125416 | GUILD: 1512695207206981766 | USER: 1510854558929125416
2026-06-08 13:59:15 - SECURITY - EVENT: ZERO_TRUST_DENY | DETAILS: Action channel_delete denied for user 1510854558929125416 | GUILD: 1512695207206981766 | USER: 1510854558929125416
2026-06-08 13:59:15 - SECURITY - EVENT: ZERO_TRUST_DENY | DETAILS: Action channel_delete denied for user 1510854558929125416 | GUILD: 1512695207206981766 | USER: 1510854558929125416
2026-06-08 13:59:15 - SECURITY - EVENT: ZERO_TRUST_DENY | DETAILS: Action channel_delete denied for user 1510854558929125416 | GUILD: 1512695207206981766 | USER: 1510854558929125416
2026-06-08 13:59:15 - SECURITY - EVENT: ZERO_TRUST_DENY | DETAILS: Action channel_delete denied for user 1510854558929125416 | GUILD: 1512695207206981766 | USER: 1510854558929125416
2026-06-08 13:59:15 - SECURITY - EVENT: ZERO_TRUST_DENY | DETAILS: Action channel_delete denied for user 1510854558929125416 | GUILD: 1512695207206981766 | USER: 1510854558929125416
2026-06-08 13:59:15 - SECURITY - EVENT: ZERO_TRUST_DENY | DETAILS: Action channel_delete denied for user 1510854558929125416 | GUILD: 1512695207206981766 | USER: 1510854558929125416
2026-06-08 13:59:15 - SECURITY - EVENT: ZERO_TRUST_DENY | DETAILS: Action channel_delete denied for user 1510854558929125416 | GUILD: 1512695207206981766 | USER: 1510854558929125416
2026-06-08 13:59:15 - SECURITY - EVENT: ZERO_TRUST_DENY | DETAILS: Action channel_delete denied for user 1510854558929125416 | GUILD: 1512695207206981766 | USER: 1510854558929125416
2026-06-08 13:59:15 - SECURITY - EVENT: ZERO_TRUST_DENY | DETAILS: Action channel_delete denied for user 1510854558929125416 | GUILD: 1512695207206981766 | USER: 1510854558929125416
2026-06-08 13:59:15 - SECURITY - EVENT: ZERO_TRUST_DENY | DETAILS: Action channel_delete denied for user 1510854558929125416 | GUILD: 1512695207206981766 | USER: 1510854558929125416
2026-06-08 13:59:15 - SECURITY - EVENT: ZERO_TRUST_DENY | DETAILS: Action channel_delete denied for user 1510854558929125416 | GUILD: 1512695207206981766 | USER: 1510854558929125416
2026-06-08 13:59:15 - SECURITY - EVENT: ZERO_TRUST_DENY | DETAILS: Action channel_delete denied for user 1510854558929125416 | GUILD: 1512695207206981766 | USER: 1510854558929125416
2026-06-08 13:59:15 - SECURITY - EVENT: ZERO_TRUST_DENY | DETAILS: Action channel_delete denied for user 1510854558929125416 | GUILD: 1512695207206981766 | USER: 1510854558929125416
2026-06-08 13:59:15 - SECURITY - EVENT: ZERO_TRUST_DENY | DETAILS: Action channel_delete denied for user 1510854558929125416 | GUILD: 1512695207206981766 | USER: 1510854558929125416
2026-06-08 13:59:16 - SECURITY - EVENT: ANOMALY_DETECTED | DETAILS: Score: 0.80, Types: sequential | GUILD: 1512695207206981766 | USER: 1510854558929125416
2026-06-08 13:59:16 - SECURITY - EVENT: ANOMALY_DETECTED | DETAILS: Score: 0.80, Types: sequential | GUILD: 1512695207206981766 | USER: 1510854558929125416
2026-06-08 13:59:16 - SECURITY - EVENT: ANOMALY_DETECTED | DETAILS: Score: 0.80, Types: sequential | GUILD: 1512695207206981766 | USER: 1510854558929125416
2026-06-08 13:59:16 - SECURITY - EVENT: ANOMALY_DETECTED | DETAILS: Score: 0.80, Types: sequential | GUILD: 1512695207206981766 | USER: 1510854558929125416
2026-06-08 13:59:17 - SECURITY - EVENT: ANOMALY_DETECTED | DETAILS: Score: 0.80, Types: sequential | GUILD: 1512695207206981766 | USER: 1510854558929125416
2026-06-08 13:59:17 - SECURITY - EVENT: ANOMALY_DETECTED | DETAILS: Score: 0.80, Types: sequential | GUILD: 1512695207206981766 | USER: 1510854558929125416
2026-06-08 13:59:17 - SECURITY - EVENT: ANOMALY_DETECTED | DETAILS: Score: 0.80, Types: sequential | GUILD: 1512695207206981766 | USER: 1510854558929125416
2026-06-08 13:59:17 - SECURITY - EVENT: ANOMALY_DETECTED | DETAILS: Score: 0.80, Types: sequential | GUILD: 1512695207206981766 | USER: 1510854558929125416
2026-06-08 13:59:17 - SECURITY - EVENT: ANOMALY_DETECTED | DETAILS: Score: 0.80, Types: sequential | GUILD: 1512695207206981766 | USER: 1510854558929125416
2026-06-08 13:59:17 - SECURITY - EVENT: ANOMALY_DETECTED | DETAILS: Score: 0.80, Types: sequential | GUILD: 1512695207206981766 | USER: 1510854558929125416
2026-06-08 13:59:17 - SECURITY - EVENT: ANOMALY_DETECTED | DETAILS: Score: 0.80, Types: sequential | GUILD: 1512695207206981766 | USER: 1510854558929125416
2026-06-08 13:59:17 - SECURITY - EVENT: ANOMALY_DETECTED | DETAILS: Score: 0.80, Types: sequential | GUILD: 1512695207206981766 | USER: 1510854558929125416
2026-06-08 13:59:17 - SECURITY - EVENT: ANOMALY_DETECTED | DETAILS: Score: 0.80, Types: sequential | GUILD: 1512695207206981766 | USER: 1510854558929125416
2026-06-08 13:59:17 - SECURITY - EVENT: ANOMALY_DETECTED | DETAILS: Score: 0.80, Types: sequential | GUILD: 1512695207206981766 | USER: 1510854558929125416
2026-06-08 13:59:17 - SECURITY - EVENT: ANOMALY_DETECTED | DETAILS: Score: 0.80, Types: sequential | GUILD: 1512695207206981766 | USER: 1510854558929125416
2026-06-08 13:59:17 - SECURITY - EVENT: ANOMALY_DETECTED | DETAILS: Score: 0.80, Types: sequential | GUILD: 1512695207206981766 | USER: 1510854558929125416
2026-06-08 13:59:17 - SECURITY - EVENT: ANOMALY_DETECTED | DETAILS: Score: 0.80, Types: sequential | GUILD: 1512695207206981766 | USER: 1510854558929125416
2026-06-08 13:59:17 - SECURITY - EVENT: ANOMALY_DETECTED | DETAILS: Score: 0.80, Types: sequential | GUILD: 1512695207206981766 | USER: 1510854558929125416
2026-06-08 13:59:17 - SECURITY - EVENT: ANOMALY_DETECTED | DETAILS: Score: 0.80, Types: sequential | GUILD: 1512695207206981766 | USER: 1510854558929125416
2026-06-08 13:59:17 - SECURITY - EVENT: ANOMALY_DETECTED | DETAILS: Score: 0.80, Types: sequential | GUILD: 1512695207206981766 | USER: 1510854558929125416
2026-06-08 13:59:17 - SECURITY - EVENT: ANOMALY_DETECTED | DETAILS: Score: 0.80, Types: sequential | GUILD: 1512695207206981766 | USER: 1510854558929125416
2026-06-08 13:59:17 - SECURITY - EVENT: ANOMALY_DETECTED | DETAILS: Score: 0.80, Types: sequential | GUILD: 1512695207206981766 | USER: 1510854558929125416
2026-06-08 13:59:17 - SECURITY - EVENT: ANOMALY_DETECTED | DETAILS: Score: 0.80, Types: sequential | GUILD: 1512695207206981766 | USER: 1510854558929125416
2026-06-08 13:59:17 - SECURITY - EVENT: ANOMALY_DETECTED | DETAILS: Score: 0.80, Types: sequential | GUILD: 1512695207206981766 | USER: 1510854558929125416
2026-06-08 13:59:17 - SECURITY - EVENT: ANOMALY_DETECTED | DETAILS: Score: 0.80, Types: sequential | GUILD: 1512695207206981766 | USER: 1510854558929125416
2026-06-08 13:59:17 - SECURITY - EVENT: ANOMALY_DETECTED | DETAILS: Score: 0.80, Types: sequential | GUILD: 1512695207206981766 | USER: 1510854558929125416
2026-06-08 13:59:17 - SECURITY - EVENT: ANOMALY_DETECTED | DETAILS: Score: 0.80, Types: sequential | GUILD: 1512695207206981766 | USER: 1510854558929125416
2026-06-08 13:59:17 - SECURITY - EVENT: ANOMALY_DETECTED | DETAILS: Score: 0.80, Types: sequential | GUILD: 1512695207206981766 | USER: 1510854558929125416
2026-06-08 13:59:17 - SECURITY - EVENT: ANOMALY_DETECTED | DETAILS: Score: 0.80, Types: sequential | GUILD: 1512695207206981766 | USER: 1510854558929125416
2026-06-08 13:59:17 - SECURITY - EVENT: ANOMALY_DETECTED | DETAILS: Score: 0.80, Types: sequential | GUILD: 1512695207206981766 | USER: 1510854558929125416
2026-06-08 13:59:17 - SECURITY - EVENT: ANOMALY_DETECTED | DETAILS: Score: 0.80, Types: sequential | GUILD: 1512695207206981766 | USER: 1510854558929125416
2026-06-08 13:59:17 - SECURITY - EVENT: ANOMALY_DETECTED | DETAILS: Score: 0.80, Types: sequential | GUILD: 1512695207206981766 | USER: 1510854558929125416
2026-06-08 13:59:17 - SECURITY - EVENT: ANOMALY_DETECTED | DETAILS: Score: 0.80, Types: sequential | GUILD: 1512695207206981766 | USER: 1510854558929125416
2026-06-08 13:59:17 - SECURITY - EVENT: ANOMALY_DETECTED | DETAILS: Score: 0.80, Types: sequential | GUILD: 1512695207206981766 | USER: 1510854558929125416
2026-06-08 13:59:17 - SECURITY - EVENT: ANOMALY_DETECTED | DETAILS: Score: 0.80, Types: sequential | GUILD: 1512695207206981766 | USER: 1510854558929125416
2026-06-08 13:59:17 - SECURITY - EVENT: ANOMALY_DETECTED | DETAILS: Score: 0.80, Types: sequential | GUILD: 1512695207206981766 | USER: 1510854558929125416
2026-06-08 13:59:17 - SECURITY - EVENT: ANOMALY_DETECTED | DETAILS: Score: 0.80, Types: sequential | GUILD: 1512695207206981766 | USER: 1510854558929125416
2026-06-08 13:59:17 - SECURITY - EVENT: ANOMALY_DETECTED | DETAILS: Score: 0.80, Types: sequential | GUILD: 1512695207206981766 | USER: 1510854558929125416
2026-06-08 13:59:17 - SECURITY - EVENT: ANOMALY_DETECTED | DETAILS: Score: 0.80, Types: sequential | GUILD: 1512695207206981766 | USER: 1510854558929125416
2026-06-08 13:59:17 - SECURITY - EVENT: ANOMALY_DETECTED | DETAILS: Score: 0.80, Types: sequential | GUILD: 1512695207206981766 | USER: 1510854558929125416
2026-06-08 13:59:17 - SECURITY - EVENT: ANOMALY_DETECTED | DETAILS: Score: 0.80, Types: sequential | GUILD: 1512695207206981766 | USER: 1510854558929125416
2026-06-08 13:59:17 - SECURITY - EVENT: ANOMALY_DETECTED | DETAILS: Score: 0.80, Types: sequential | GUILD: 1512695207206981766 | USER: 1510854558929125416
2026-06-08 13:59:17 - SECURITY - EVENT: ANOMALY_DETECTED | DETAILS: Score: 0.80, Types: sequential | GUILD: 1512695207206981766 | USER: 1510854558929125416
2026-06-08 13:59:17 - SECURITY - EVENT: ANOMALY_DETECTED | DETAILS: Score: 0.80, Types: sequential | GUILD: 1512695207206981766 | USER: 1510854558929125416
2026-06-08 13:59:17 - SECURITY - EVENT: ANOMALY_DETECTED | DETAILS: Score: 0.80, Types: sequential | GUILD: 1512695207206981766 | USER: 1510854558929125416
2026-06-08 13:59:17 - SECURITY - EVENT: ANOMALY_DETECTED | DETAILS: Score: 0.80, Types: sequential | GUILD: 1512695207206981766 | USER: 1510854558929125416
2026-06-08 13:59:17 - SECURITY - EVENT: ANOMALY_DETECTED | DETAILS: Score: 0.80, Types: sequential | GUILD: 1512695207206981766 | USER: 1510854558929125416
2026-06-08 13:59:17 - SECURITY - EVENT: ANOMALY_DETECTED | DETAILS: Score: 0.80, Types: sequential | GUILD: 1512695207206981766 | USER: 1510854558929125416
2026-06-08 13:59:17 - SECURITY - EVENT: ANOMALY_DETECTED | DETAILS: Score: 0.80, Types: sequential | GUILD: 1512695207206981766 | USER: 1510854558929125416
2026-06-08 13:59:17 - SECURITY - EVENT: ANOMALY_DETECTED | DETAILS: Score: 0.80, Types: sequential | GUILD: 1512695207206981766 | USER: 1510854558929125416
2026-06-08 13:59:17 - SECURITY - EVENT: ANOMALY_DETECTED | DETAILS: Score: 0.80, Types: sequential | GUILD: 1512695207206981766 | USER: 1510854558929125416
2026-06-08 13:59:17 - SECURITY - EVENT: ANOMALY_DETECTED | DETAILS: Score: 0.80, Types: sequential | GUILD: 1512695207206981766 | USER: 1510854558929125416
2026-06-08 13:59:17 - SECURITY - EVENT: ANOMALY_DETECTED | DETAILS: Score: 0.80, Types: sequential | GUILD: 1512695207206981766 | USER: 1510854558929125416
2026-06-08 13:59:17 - SECURITY - EVENT: ANOMALY_DETECTED | DETAILS: Score: 0.80, Types: sequential | GUILD: 1512695207206981766 | USER: 1510854558929125416
2026-06-08 13:59:17 - SECURITY - EVENT: ANOMALY_DETECTED | DETAILS: Score: 0.80, Types: sequential | GUILD: 1512695207206981766 | USER: 1510854558929125416
2026-06-08 13:59:17 - SECURITY - EVENT: ANOMALY_DETECTED | DETAILS: Score: 0.80, Types: sequential | GUILD: 1512695207206981766 | USER: 1510854558929125416
2026-06-08 13:59:17 - SECURITY - EVENT: ANOMALY_DETECTED | DETAILS: Score: 0.80, Types: sequential | GUILD: 1512695207206981766 | USER: 1510854558929125416
2026-06-08 13:59:17 - SECURITY - EVENT: ANOMALY_DETECTED | DETAILS: Score: 0.80, Types: sequential | GUILD: 1512695207206981766 | USER: 1510854558929125416
2026-06-08 13:59:17 - SECURITY - EVENT: ANOMALY_DETECTED | DETAILS: Score: 0.80, Types: sequential | GUILD: 1512695207206981766 | USER: 1510854558929125416
2026-06-08 13:59:17 - SECURITY - EVENT: ANOMALY_DETECTED | DETAILS: Score: 0.80, Types: sequential | GUILD: 1512695207206981766 | USER: 1510854558929125416
2026-06-08 13:59:17 - SECURITY - EVENT: ANOMALY_DETECTED | DETAILS: Score: 0.80, Types: sequential | GUILD: 1512695207206981766 | USER: 1510854558929125416
2026-06-08 13:59:17 - SECURITY - EVENT: ANOMALY_DETECTED | DETAILS: Score: 0.80, Types: sequential | GUILD: 1512695207206981766 | USER: 1510854558929125416
2026-06-08 13:59:17 - SECURITY - EVENT: ANOMALY_DETECTED | DETAILS: Score: 0.80, Types: sequential | GUILD: 1512695207206981766 | USER: 1510854558929125416
2026-06-08 13:59:17 - SECURITY - EVENT: ANOMALY_DETECTED | DETAILS: Score: 0.80, Types: sequential | GUILD: 1512695207206981766 | USER: 1510854558929125416
2026-06-08 13:59:17 - SECURITY - EVENT: ANOMALY_DETECTED | DETAILS: Score: 0.80, Types: sequential | GUILD: 1512695207206981766 | USER: 1510854558929125416
2026-06-08 13:59:17 - SECURITY - EVENT: ANOMALY_DETECTED | DETAILS: Score: 0.80, Types: sequential | GUILD: 1512695207206981766 | USER: 1510854558929125416
2026-06-08 13:59:17 - SECURITY - EVENT: ANOMALY_DETECTED | DETAILS: Score: 0.80, Types: sequential | GUILD: 1512695207206981766 | USER: 1510854558929125416
2026-06-08 13:59:17 - SECURITY - EVENT: ANOMALY_DETECTED | DETAILS: Score: 0.80, Types: sequential | GUILD: 1512695207206981766 | USER: 1510854558929125416
2026-06-08 13:59:17 - SECURITY - EVENT: ANOMALY_DETECTED | DETAILS: Score: 0.80, Types: sequential | GUILD: 1512695207206981766 | USER: 1510854558929125416
2026-06-08 13:59:17 - SECURITY - EVENT: ANOMALY_DETECTED | DETAILS: Score: 0.80, Types: sequential | GUILD: 1512695207206981766 | USER: 1510854558929125416
2026-06-08 13:59:17 - SECURITY - EVENT: ANOMALY_DETECTED | DETAILS: Score: 0.80, Types: sequential | GUILD: 1512695207206981766 | USER: 1510854558929125416
2026-06-08 13:59:17 - SECURITY - EVENT: ANOMALY_DETECTED | DETAILS: Score: 0.80, Types: sequential | GUILD: 1512695207206981766 | USER: 1510854558929125416
2026-06-08 13:59:17 - SECURITY - EVENT: ANOMALY_DETECTED | DETAILS: Score: 0.80, Types: sequential | GUILD: 1512695207206981766 | USER: 1510854558929125416
2026-06-08 13:59:17 - SECURITY - EVENT: ANOMALY_DETECTED | DETAILS: Score: 0.80, Types: sequential | GUILD: 1512695207206981766 | USER: 1510854558929125416
2026-06-08 13:59:17 - SECURITY - EVENT: ANOMALY_DETECTED | DETAILS: Score: 0.80, Types: sequential | GUILD: 1512695207206981766 | USER: 1510854558929125416
2026-06-08 13:59:17 - SECURITY - EVENT: ANOMALY_DETECTED | DETAILS: Score: 0.80, Types: sequential | GUILD: 1512695207206981766 | USER: 1510854558929125416
2026-06-08 13:59:17 - SECURITY - EVENT: ANOMALY_DETECTED | DETAILS: Score: 0.80, Types: sequential | GUILD: 1512695207206981766 | USER: 1510854558929125416
2026-06-08 13:59:17 - SECURITY - EVENT: ANOMALY_DETECTED | DETAILS: Score: 0.80, Types: sequential | GUILD: 1512695207206981766 | USER: 1510854558929125416
2026-06-08 13:59:17 - SECURITY - EVENT: ANOMALY_DETECTED | DETAILS: Score: 0.80, Types: sequential | GUILD: 1512695207206981766 | USER: 1510854558929125416
2026-06-08 13:59:17 - SECURITY - EVENT: ANOMALY_DETECTED | DETAILS: Score: 0.80, Types: sequential | GUILD: 1512695207206981766 | USER: 1510854558929125416
2026-06-08 13:59:17 - SECURITY - EVENT: ANOMALY_DETECTED | DETAILS: Score: 0.80, Types: sequential | GUILD: 1512695207206981766 | USER: 1510854558929125416
2026-06-08 13:59:17 - SECURITY - EVENT: ANOMALY_DETECTED | DETAILS: Score: 0.80, Types: sequential | GUILD: 1512695207206981766 | USER: 1510854558929125416
2026-06-08 13:59:17 - SECURITY - EVENT: ANOMALY_DETECTED | DETAILS: Score: 0.80, Types: sequential | GUILD: 1512695207206981766 | USER: 1510854558929125416
2026-06-08 13:59:17 - SECURITY - EVENT: ANOMALY_DETECTED | DETAILS: Score: 0.80, Types: sequential | GUILD: 1512695207206981766 | USER: 1510854558929125416
2026-06-08 13:59:17 - SECURITY - EVENT: ANOMALY_DETECTED | DETAILS: Score: 0.80, Types: sequential | GUILD: 1512695207206981766 | USER: 1510854558929125416
2026-06-08 13:59:17 - SECURITY - EVENT: ANOMALY_DETECTED | DETAILS: Score: 0.80, Types: sequential | GUILD: 1512695207206981766 | USER: 1510854558929125416
2026-06-08 13:59:17 - SECURITY - EVENT: ANOMALY_DETECTED | DETAILS: Score: 0.80, Types: sequential | GUILD: 1512695207206981766 | USER: 1510854558929125416
2026-06-08 13:59:17 - SECURITY - EVENT: ANOMALY_DETECTED | DETAILS: Score: 0.80, Types: sequential | GUILD: 1512695207206981766 | USER: 1510854558929125416
2026-06-08 13:59:17 - SECURITY - EVENT: ANOMALY_DETECTED | DETAILS: Score: 0.80, Types: sequential | GUILD: 1512695207206981766 | USER: 1510854558929125416
2026-06-08 13:59:17 - SECURITY - EVENT: ANOMALY_DETECTED | DETAILS: Score: 0.80, Types: sequential | GUILD: 1512695207206981766 | USER: 1510854558929125416
2026-06-08 13:59:17 - SECURITY - EVENT: ANOMALY_DETECTED | DETAILS: Score: 0.80, Types: sequential | GUILD: 1512695207206981766 | USER: 1510854558929125416
2026-06-08 13:59:17 - SECURITY - EVENT: ANOMALY_DETECTED | DETAILS: Score: 0.80, Types: sequential | GUILD: 1512695207206981766 | USER: 1510854558929125416
2026-06-08 13:59:17 - SECURITY - EVENT: ANOMALY_DETECTED | DETAILS: Score: 0.80, Types: sequential | GUILD: 1512695207206981766 | USER: 1510854558929125416
2026-06-08 13:59:17 - SECURITY - EVENT: ANOMALY_DETECTED | DETAILS: Score: 0.80, Types: sequential | GUILD: 1512695207206981766 | USER: 1510854558929125416
2026-06-08 14:38:56 - SECURITY - Channel 1513431411032457226 not found in cache
